FSC_A,SSC_A,Marker_CD3,Marker_CD19,Marker_CD56,Viability,CellType
171.84669708772137,62.369189626297924,4.749385909916542,1.6645485830507825,3.7596462392358654,0.8338608063108662,B-cell
117.54777275346584,50.67364206927751,5.576888606704449,0.9028610237299655,2.4997233657827826,0.804768002352487,B-cell
96.76646411307831,64.76621941679183,3.488304157047711,1.758652441231244,2.387469042578155,0.860041258207302,NK-cell
86.66285004849809,69.88182797226094,2.714837520075679,3.3468090261798067,3.5276779284754336,0.9939995644804037,B-cell
104.1454295554591,60.58271998254591,6.497609644129945,1.5820336246743874,2.300821951483407,0.8757862545328822,T-cell
93.07550205148178,57.10346226868946,5.050307336432387,1.623445593240438,3.6580322001293566,0.8481785212102163,T-cell
118.41589625555761,72.88945094976378,5.186299241223678,1.501450553814104,3.2813007992186796,0.8806898954276463,B-cell
118.13638944411608,71.96609584571873,6.497136015239938,2.828870685929712,2.3011248524259265,0.8602677040413355,B-cell
101.66297231855079,60.15194503541979,7.176412462053519,1.9542505730249362,2.942845804804533,0.9347753645856721,B-cell
145.7291902481081,41.843073686350344,6.141385545793099,1.7244562626305167,2.5609805675523702,0.9268933522318161,B-cell
96.76194825368191,71.38929459531234,7.813687396261374,2.9480844103172106,3.2791812453352476,0.8054685815540993,NK-cell
107.85024077783287,54.257419291820725,6.103226960868733,2.4476964527613223,4.510238595964336,0.902264631161357,T-cell
121.50492798601671,68.00077505518432,5.862656156295993,1.5484258549738443,2.703436317690062,0.8072399375350875,B-cell
126.05698808785691,67.11620124350652,5.7884665870055185,1.3658496533629318,3.427021019086806,0.935472653282855,B-cell
132.99637738777758,38.55473602140269,3.9574053254396606,2.794901978927984,3.0195525133340126,0.9871616661254516,T-cell
117.7129366218783,66.13514358176202,6.647198326768147,2.1100728982450296,3.019246162450544,0.9814975757454838,B-cell
128.91642861418393,72.20345535524238,2.565440775981657,1.1705615880863325,2.867835903414781,0.8411424224181854,B-cell
98.0280529034971,73.92013381434681,4.796496571269066,1.0301305878638707,2.314066042918757,0.9485290295442786,NK-cell
126.52547528630687,66.64312051534837,5.527516420681135,1.430376770880145,3.268111959425964,0.9586131942081131,B-cell
126.2851247028152,37.319395384705736,4.552285211903964,1.3563092471381821,2.7690066000644893,0.9728735066218769,T-cell
137.23196014556365,82.87913487061292,4.957892892312614,0.8723538174591383,2.276159933009019,0.8519197341601042,B-cell
79.96815213988623,70.75431734559612,7.707250679472675,1.4402958080109025,3.811338609798639,0.8901669691944321,NK-cell
93.6707039191808,48.15352938881332,6.824828662938014,1.548551663013688,3.0792076981618743,0.8443008858073181,B-cell
124.81653744861144,53.97131743778417,4.6770067830319135,1.822391226969258,2.8175208341254088,0.8048618914422383,T-cell
62.275439362134854,68.2371389301233,4.936520186833148,3.1157460270766277,4.072045291797038,0.9318025255729915,NK-cell
118.8561111281903,74.51697870617558,3.9675952617377876,1.9398940367410358,1.5311347715736017,0.8862927235786291,T-cell
129.0764796487646,58.16852001113217,6.345992543207364,1.9994550973534715,4.018256642983271,0.8496233761127135,T-cell
99.62524554409208,76.55735570330705,5.200309059507429,2.4055532182793655,2.295849640691026,0.9694207894599224,T-cell
102.25657999798558,39.90126439259751,3.1402402349265426,1.957609157360064,3.169226031532416,0.8991361279958406,B-cell
90.66552774968173,50.40557384468698,5.620940310172069,2.340091778332025,2.529548996703431,0.9989315354425181,NK-cell
100.61215184483474,36.09890386221085,6.02677466032219,2.26836892617104,2.261599167638061,0.9586715653877934,T-cell
101.13376696468836,52.43632799982429,6.655769167810063,2.173553139359546,4.051109220774748,0.973842239947184,B-cell
97.70885705962061,86.11308058361733,5.41197424650787,3.759879650651375,4.484973253916228,0.9546664497595343,B-cell
96.72179279987905,93.80923128419563,5.052794604656342,2.6466755064266114,2.8230194794791372,0.8211849797901244,NK-cell
105.12191387200892,68.2842665552262,7.883517616587434,1.4509668091759618,3.268379761755436,0.8130058001307342,NK-cell
104.90412231818982,56.061991098240235,5.5079033873194625,2.3221333117134986,3.04559300133,0.9830157545228927,B-cell
143.73437419749902,61.89704138808679,6.363474197917522,1.624957916004168,4.384405469882284,0.8276394376079604,T-cell
102.90466742389381,71.62675847166231,4.852552427948489,2.3677504584359124,1.3094796420371722,0.8782452301348521,T-cell
116.19470389145346,43.118268077052846,6.327891581963,1.2748875497350383,3.301698753016176,0.9219822023111862,NK-cell
99.61610660342657,56.98501153626313,3.7532452091150827,1.435332331149613,2.4182989486848534,0.8423796699803991,B-cell
99.38727603485377,85.08850304230349,4.94551894513764,2.3063445374940765,1.115228782823057,0.8450570087415554,B-cell
79.32133032081279,50.360059029402926,4.050070912688735,2.6986014681588153,2.7115759220566074,0.8932482684582753,NK-cell
81.71540753940032,54.5136514103384,4.774032013756639,2.401586609251808,4.478439032728443,0.8721790182919854,NK-cell
88.274030966246,65.18471118374016,7.000564048277285,2.612470400721131,2.47516064767968,0.9353151334039609,B-cell
113.30654302568128,68.96399163306593,4.765208932835563,2.3242911352583078,3.6326124052516886,0.8150152391041255,NK-cell
129.37112579512254,56.249943353207385,6.361907350568901,2.203497659419399,3.9589377576506934,0.897751733895564,T-cell
77.84003851588068,66.07750136552738,7.320718218468448,1.797784035444938,2.989842557904382,0.8348519835431034,B-cell
100.11661757572129,73.51115347235215,5.466907223676017,2.5878010852300783,3.0963644947290336,0.9213450018001497,NK-cell
85.39596723169373,92.46032553269106,6.692520526067536,2.714927539695985,1.6269616747671105,0.8232426583520687,T-cell
105.2430123055961,63.23257868791307,6.13730314976641,2.062130585202135,2.427068909461883,0.8395263733058828,T-cell
129.3638508867287,64.42183758523213,5.6397243167002395,2.0298443749328055,3.7256060994639966,0.9607777965686627,B-cell
101.95611677105644,86.38433284371315,6.400378707180315,3.054843487033342,3.048543277629654,0.8470333980076028,B-cell
109.14469450040546,57.31167798382667,7.707925707990224,2.0877469321102664,3.2938731531549457,0.9474130677587651,T-cell
136.19411113506166,46.45905754132947,4.7352773049897365,2.1454115222195815,3.1065260637464407,0.8546125399376382,T-cell
118.24221674914237,68.50348565922548,4.348958919788711,2.390535544651737,4.753603155437145,0.8470055010467663,T-cell
96.31834659529757,80.06645035123081,4.278502545213588,2.041316246427508,2.655584135049119,0.8598309565762535,T-cell
112.86047514504305,70.0546598927956,6.693313563683866,1.6077958063541429,4.2843280343890475,0.9761863968845497,NK-cell
95.10411779475876,63.64178079433856,6.855241147754024,2.326779345314113,3.106802577765386,0.8794331318673456,B-cell
117.568676229248,44.722492776112254,4.855555679999278,2.0767469939866072,4.355359179664639,0.8487521059767947,B-cell
119.27612277330967,64.18283056624277,2.9367837406727837,3.205349853884698,2.02001752859348,0.9073278947393827,T-cell
85.39112539102786,82.2641689684287,4.690291912092297,2.573069130175426,3.147721766104689,0.8771282823570271,T-cell
113.15268951294392,47.7223608584509,6.157425013368395,1.7427106281341993,2.685050572861224,0.9580395039543327,T-cell
107.88368135607344,61.5735395667542,5.4199322332206,2.5374361315142253,3.1115778686800315,0.9980891236626055,NK-cell
119.80419314909801,59.57521374978295,5.716417296106441,2.284719500838588,3.9779010101329026,0.9053148885331668,NK-cell
124.9642469183444,55.23213601107157,4.871986698069283,2.8856557811673076,3.3030476842863563,0.8903497795305699,T-cell
118.59409287424289,68.47092206326609,6.716906949651717,1.7853274723025765,3.9763061520215506,0.8686070796627772,NK-cell
104.54251963916445,71.20627337758411,5.911830162105564,2.2132056890157146,2.4638231253808436,0.9946677464540276,T-cell
126.79994037555201,71.05957666710812,6.203756166836563,2.040543810544505,2.341732433981027,0.8966566552009364,T-cell
94.28487002641548,51.32466330938825,5.690878819632018,2.13508765383498,3.012884058509813,0.8355993719872099,B-cell
86.23060411934901,41.95622827932844,6.129241796333012,1.5688806305976304,2.9690782572871317,0.9938431810769353,T-cell
52.4848396779056,68.6734381114302,6.050286025817154,2.445547000747906,2.851312504940646,0.9921764251998714,NK-cell
108.73746286873121,57.91713341924287,4.3863104462370615,2.350778565509698,2.2330946194634516,0.8871450104670153,T-cell
95.21216408911816,90.736373315615,5.9476757144501535,2.871134170153077,3.9589212718815108,0.8696372026065915,B-cell
117.15958056935631,91.38313574420924,6.449809806335824,2.0939844888079318,2.7097302394932097,0.9360874893377271,T-cell
74.51790690720138,92.86965712154456,6.8861697594338125,1.852896295051119,4.140862497770145,0.965784826157122,T-cell
98.350786083809,51.838447385514016,5.999328577940456,2.5735766267664224,3.0101946921632465,0.8997064264567055,T-cell
118.46485830556074,72.97116721438931,4.341699377522157,1.6234773710401895,3.5187431446512356,0.8661625982106067,NK-cell
91.46294936571834,77.19333524152077,4.526419204511196,2.7509907210503752,3.446167714370946,0.8602788021726027,B-cell
117.36662147503152,75.61695926962163,4.977822302496483,2.749705198448222,2.3405802077193183,0.8653197454428836,B-cell
99.97359328877526,60.03842878128598,5.7273566897638295,2.8543673406806453,3.2937623372419913,0.8236065880244821,T-cell
109.40945042396004,82.90830864151457,5.353316678430888,2.325973790807696,4.542666355573685,0.9557240872710417,T-cell
120.7128441155034,65.00664980913132,4.151521521242904,1.8081021704413405,3.2012898024802854,0.8209919727038273,T-cell
127.15034641607564,66.79348574909615,4.144335958821938,2.1655126357832177,3.72102139164774,0.8796628989867705,NK-cell
111.66486340377092,43.47033167511999,2.98177387011198,2.328041337047524,3.5546174756737483,0.966988667428173,T-cell
95.3478146921826,74.02670957402184,1.7566300913583877,1.7639150128872745,3.24563972669199,0.88082117913838,T-cell
101.7553004771663,61.354236009986245,5.3418618124540895,2.8998697733551295,3.1491829741797974,0.8589523595851905,B-cell
121.46519653556524,71.50690406940735,8.284276450171426,2.4480505005411257,3.43785244729704,0.9896507447606534,B-cell
91.61743549731308,68.29159179726466,7.656135428549712,1.5646662268067972,3.61062603718049,0.8253087507066021,T-cell
106.79480126047629,67.5331120732928,4.326122305452435,3.2297242058794664,1.9182687543591417,0.9769707805568949,T-cell
103.05408622949345,64.36000998546642,5.679883956868733,2.158433565102106,3.1978423112771637,0.812415359747361,T-cell
108.13948790025864,76.01239628524635,3.742504587939801,1.4435381742900084,2.8527376954021464,0.882705882570514,B-cell
91.83291447351121,62.215504483609074,3.925468562970255,1.6018475263516356,2.6867785250786334,0.9263442110995734,T-cell
76.66500166018199,44.627236127658236,4.063032882843545,2.992670158299207,4.036771503222859,0.8740076768283362,B-cell
119.37336708727358,72.96537848923508,5.2294015786698,3.194990949730093,2.4134830015489173,0.9069212841922917,T-cell
127.35436562279567,53.67392265123706,5.281048467745628,2.705691032088551,1.8841847517519985,0.8408003333174365,NK-cell
77.74085076503319,46.46033420245004,5.803242364968231,2.8915851891522815,3.6365729803086837,0.9138069034933674,NK-cell
116.64067089667189,50.688593322003626,6.295859667645139,2.8299692752791668,1.8636849147568886,0.8269117433798476,T-cell
129.49729246721319,68.96665331099689,5.09574289192581,2.43414969165844,1.457645537633149,0.9592192632179153,B-cell
120.72639884172182,63.6487367566721,5.543442364795154,2.2974250726865555,3.7266141519919724,0.916757982688426,T-cell
102.4999367838308,35.142437584580136,4.187424991971749,2.423917916685965,3.1269778004499904,0.8963864229637706,NK-cell
93.01706534448635,59.62881679726262,3.8866035708913826,2.541609265885977,3.378175701895021,0.8109333591666164,B-cell
111.4576054282998,81.36923714964671,3.7012331847420286,1.6550411960841611,2.6460579401763025,0.8999548671833445,B-cell
114.46013105924385,58.681860606932695,6.279097361353873,2.539175237587266,1.8924750947127846,0.9127138860722481,T-cell
111.72453520080617,62.6833282520137,5.094510582294108,2.9751701083782107,2.0513702291058658,0.853133502681433,T-cell
106.75757665788382,79.60188012258014,3.2546556846107166,1.9761765430025815,2.782248880454973,0.9355180681816444,B-cell
90.51226896579037,76.13684961486351,5.424293256779668,1.9120513288069219,1.9820777136655665,0.8153530297427042,B-cell
117.60838924355933,79.30451522712396,4.0014144018566995,2.3859277855431995,3.2456423256365228,0.8417378162896992,NK-cell
118.47538089944342,26.184249459248157,7.492454582767566,1.7102054697551183,2.6300336495724648,0.9475097034648471,NK-cell
113.61479825831009,89.26932253818956,4.805413934095808,1.3099088300234965,3.1480288378922445,0.8294444437852049,B-cell
111.99788561128263,73.90960609599101,6.317807182982945,2.788631424063107,3.124118502581145,0.8491097639245233,B-cell
140.2264907794299,99.4606697963381,6.806755632861985,1.8294292439859403,3.3094396435396214,0.9301710695808769,NK-cell
98.76118187767887,54.04743556916003,4.35408585693155,2.1110691472321257,3.399586021831199,0.9457683407622225,NK-cell
133.0658317542198,40.311691520915254,5.59125654106565,1.7339249753951609,2.7248795273766038,0.8102978509246864,NK-cell
96.78755955400692,65.10105839415247,6.164161481665776,2.8660528889477996,3.1471754133070644,0.825317882650443,NK-cell
129.9611103132157,61.144787383399745,5.638655406892128,2.611905694970409,3.1888065027361394,0.8892236011686525,T-cell
132.2006159014498,74.1512957706075,5.933320911171782,1.9555562753077798,1.0568877527253078,0.9185589889664393,B-cell
104.72507833876611,80.04899682420898,3.9044447277290155,1.392061581142349,3.5172205966875922,0.8907562468691221,B-cell
139.897334973095,63.77788197168704,6.164843463657429,1.8918421170850799,3.119953756976201,0.9294139985623516,T-cell
118.4426459614296,61.630087358621836,4.916602966992749,2.4420916199698284,3.451239092194857,0.9511985813043918,B-cell
94.20909605946979,72.31807747322578,5.919341467940969,2.2131814224478594,1.97052512364219,0.9899087695015805,T-cell
103.26518130099424,61.411398680305034,6.603986614661757,2.1654588266711925,2.7473814598700854,0.8699761426258894,B-cell
130.38972150991972,60.240250587444976,6.302570209021928,2.227019255681887,2.1267764347475357,0.8326209537008933,T-cell
126.6151646337797,79.519889141454,5.918463670587369,2.555277738898896,3.5956811009703,0.8528168008576408,B-cell
90.95527277517277,82.63688999665001,6.27055395542142,2.0748844775609734,1.8759067663452047,0.8296328890103583,B-cell
107.49336838057106,80.1755274140833,6.326093264666542,2.3700080702757016,2.2570761744621435,0.8788491283945833,B-cell
113.66341368997722,62.64478402184264,7.294601393660711,1.507848475352941,3.427451302617585,0.9745134531803131,T-cell
100.86311739663904,35.042954171455435,5.459139160644675,3.6323104661851953,2.496500374178202,0.8694119793888714,B-cell
152.44039502074494,62.925114790500125,5.696748392130867,1.9296844084102474,2.257287474568753,0.8297645404445194,T-cell
114.20594738129586,54.38827982252132,6.618480170771334,2.2221558047303867,3.725375543632146,0.9045265764045939,T-cell
108.88738056374511,63.183849733851766,4.911534868283784,2.439879314871727,3.7581694052734944,0.998388763332028,T-cell
131.43531879664562,55.60472750195348,3.8976790327864173,1.8535256925596757,3.5776569540327987,0.8376362437337519,NK-cell
103.42615637290098,64.70964202348158,6.091876209499325,2.104694876549678,3.6789677391522346,0.9555749903513444,T-cell
128.1336969911118,50.450141190758096,5.252771578460867,2.0974051647940652,2.8147365768495547,0.9646717887148605,B-cell
79.98081687950628,47.0699558859427,4.050967105918759,1.5515771444559738,2.8363256202907077,0.8802676687002003,NK-cell
101.83422716757981,82.1176807559925,6.1006503152558045,2.3631536553237833,2.481534977173118,0.923910287732905,T-cell
128.88326753079045,51.42479341285285,7.217359618035098,1.1104668970447615,3.134183334172782,0.8864746901502377,NK-cell
138.26355897061407,65.00464275358895,3.544308944453097,3.1516250654499687,2.5776813381393215,0.8524653873079944,T-cell
96.08067716589213,78.3632078524397,6.726789994259778,2.575782530987036,2.6535470352584185,0.8852237600144721,T-cell
93.98321054806433,77.80025776721402,2.455518981105182,2.483473414592026,3.47992034718632,0.8190580273260144,T-cell
120.21403574666826,76.12787486881491,5.0196560437821836,1.058014732540055,3.947631396411504,0.9413912227321786,B-cell
98.78538989148117,69.24013120302149,7.7086190946910955,1.6244827960241877,3.3186082034160758,0.9658386063258608,NK-cell
105.16559748040291,75.1360463195159,5.10601114178456,2.9336070724830323,4.435452692194055,0.8614799866740965,B-cell
125.77529044526884,84.22323385648616,5.6079260749851905,4.590744838223761,2.4355875423738014,0.9132953648759965,B-cell
100.20616073094779,70.95031631593523,6.4154394409282665,2.8168154790342186,1.529620288632593,0.8464297064078873,T-cell
74.62233647235766,39.27916714460143,3.440231783127217,2.7221660461505706,3.5717023116716433,0.8254920900345624,NK-cell
86.58048015909414,57.600535113898644,5.586513761007707,2.4149845368685128,2.382533157882615,0.932723713022432,B-cell
110.17920054296505,74.74918100410923,5.57705568635357,1.591501682573898,2.7810462065797092,0.8268215193015825,T-cell
76.45838332748808,56.220656928068344,7.734785167898488,2.6971044499201984,1.584162791903101,0.9563958138412335,NK-cell
104.65111248864822,87.68148595242101,4.017111002802612,1.4392755977418428,2.280631802123339,0.8543509097501848,T-cell
84.94226270760814,64.11548240566997,5.0421528202598545,1.373648900916088,1.798218066736611,0.9637026786005322,T-cell
139.51890212358077,66.19348279903211,4.3859730510116615,1.3358824047369062,2.652557389263757,0.8737009148780854,T-cell
148.9725667057821,80.7464187846243,4.258705835570344,2.685433587900956,2.6843588048936398,0.8737685185285969,T-cell
90.95245215784277,62.4401014376699,6.852883272477494,2.065551567043499,3.071968329238567,0.9501145521344968,NK-cell
114.62165624068253,67.4678785001946,5.531981802400981,2.1605148599426283,3.9917783714841404,0.9020531549270943,B-cell
92.71273282405666,77.58772877598757,4.833319364288175,2.0907576377695896,3.541525011918255,0.8401954852819749,NK-cell
104.4323191630188,44.38821137832839,4.878584918628958,1.4245700752810653,1.7022642910316153,0.970081709610687,T-cell
142.4624479032045,61.00582572657431,4.824127507665525,1.6975614563895576,3.486412348490285,0.868030641847152,B-cell
101.59960614092327,76.60814613530768,4.9314361871107675,1.7277442762479285,3.0894037579531677,0.8205553521676804,B-cell
104.85132567973196,65.91840207679631,3.9826655868528826,1.2568371316647837,2.9217388543711214,0.8832002089845755,B-cell
93.03447318990146,85.54267336908472,5.18952454892176,1.7974739428197894,2.9818403760502195,0.9147923526339358,B-cell
130.63140879796754,42.937072985383146,5.068951970017427,1.451216126162257,3.163641942469004,0.9219770667878195,B-cell
51.261199354567516,41.339975248754136,4.590643952315989,2.4466053773201955,2.446490567189148,0.9671215690607641,B-cell
102.02964821243083,75.77561123271805,5.686055507565969,2.4965826383800946,2.8541193139802874,0.9082813647586949,NK-cell
109.17405030556175,77.12130100905885,5.78786737614179,1.3238165264160662,3.947151299113467,0.8447420966134701,T-cell
98.10060806268353,62.29449990435433,4.832023342849951,1.9220209414511997,2.436875372459573,0.8523332661471816,B-cell
125.54381913916102,70.60552160064015,5.327039019080494,3.2136359287900222,2.1760896190599235,0.8201681176588805,B-cell
131.63649111146853,75.4328976868397,8.090348472281027,1.5115422613930243,2.950634121700919,0.9471848578472524,T-cell
84.58328876816873,53.60591511807555,8.044519910322565,2.3559826906770396,2.0955468345949217,0.8211883092999517,T-cell
147.68275976787447,55.10412274930981,4.235091771844317,2.1633131604017306,1.621773502836529,0.9211625264549591,NK-cell
84.38134116163673,67.65616650878091,4.4026629200937295,2.7557325347045443,2.724426258340147,0.9193894788093226,T-cell
133.19535227016516,77.65724543851208,4.2287160676096045,2.277280104814444,4.1588975076511385,0.9571007113950716,T-cell
112.6968985736425,48.67660303098821,6.768464727966687,1.84122271324575,2.9691167232984856,0.8149259399370843,B-cell
100.93338025195133,62.228733152909726,5.021764840509167,2.140058472883731,3.1428616755585708,0.8405822687022343,T-cell
102.63139526583495,61.580687156137856,5.787609092315559,2.1488219663722417,1.2958813134790996,0.9819124754046277,T-cell
109.39676976811435,70.8514274705987,7.89636079993706,2.044982890630306,3.350500393952758,0.9144473658924025,T-cell
113.75152151354807,64.87822281987631,5.487442246827445,1.3085331268055895,3.0746926890478337,0.8915380426220157,T-cell
93.43722167531254,57.35762982675997,6.347498466108785,2.8458531645587355,2.4680681375685163,0.9495352530924563,T-cell
105.78908076178898,82.47992093060368,6.124504899160471,2.739860152718595,3.144040377121899,0.9805060902178316,NK-cell
96.1278891873033,57.45039525730852,4.794139177964861,1.4734865838780857,3.136097293726368,0.8526019273899098,T-cell
88.12910851267029,60.91065091769965,6.77099407809023,1.919564620689748,2.1524096573136515,0.9802951257622686,T-cell
95.28838935575786,42.71903309712527,4.480359029079777,1.9649485983874706,3.265482981423928,0.8217389252081507,B-cell
89.30045661148209,55.009237724157465,7.107855743733011,1.4060887197002507,3.9577083380217237,0.9955366095459756,T-cell
102.43721157049066,72.2250650687467,4.795058841749056,0.9799222393426399,2.817646819621187,0.832970365019922,T-cell
117.78454829843147,69.48842738896803,4.926438735356687,1.6976444088525984,2.3059246380503136,0.8532472737204588,T-cell
112.17278637520332,73.39323786092066,4.19381461164785,1.886158595849285,2.8579359441586174,0.8193187880183282,T-cell
145.5382059798917,72.71375200323938,4.390888707020023,1.2352599999815888,3.683690556051543,0.9607353013773201,T-cell
70.2118457530415,94.22799650813215,4.987882813205758,2.2061866584512875,2.018944928562182,0.9968464124083358,T-cell
118.4481373918554,54.52997641574326,2.582381730507266,2.797713781989804,3.4628466070273447,0.8593953017139536,NK-cell
110.11556429343834,42.32806759191296,5.220001190589284,2.605269687699161,2.4575884331836155,0.8651223920803588,NK-cell
124.6820661626954,50.29225805499867,4.89043091531018,2.023988608104769,3.19365046510379,0.8557959806760005,NK-cell
122.89637367758736,55.14887429835772,6.4480133183341986,0.9957529820872821,2.548534979963549,0.830965620042985,T-cell
107.03014849756681,51.359422887363245,6.007576886028191,2.529421404395429,2.5463864359347514,0.9574888433477385,B-cell
113.1077231274216,66.31125186702796,4.650835082680844,2.187835301438735,4.218475932988038,0.8121439680018245,B-cell
96.60675416746727,82.53716867779829,4.949739088688911,2.3546106655308123,1.8727307275732066,0.9935548260948566,T-cell
121.04623962838018,86.5552270215788,5.218458353774923,3.261661680181508,3.3882929420364354,0.9854631049018097,NK-cell
76.18023106179137,72.06031902585246,7.283147865371019,1.6051130222816081,4.385059528737029,0.8236878170568493,B-cell
123.98287589568771,94.97781101635621,4.51323438345227,0.3751104401267746,3.5484175411782584,0.9059047702420965,T-cell
109.58287800375003,60.01077720807013,4.636287202059215,1.4679272533141459,1.9351223847686543,0.9985702717288674,NK-cell
101.2328833190404,42.14473341196603,4.145699018059419,2.391627040960693,1.9747355928676755,0.9705238498096853,T-cell
105.81440240995893,79.74449295043438,3.7215526246765784,2.1161555410488244,2.398699698682879,0.9430267451917119,B-cell
107.13446777740914,39.25967851551312,5.868404348350594,1.370618322240791,3.1263263292158996,0.8044921890881804,T-cell
133.35146768864902,54.42995768220274,5.743483997287852,1.2481695700941418,3.180754155271242,0.8136754890736483,T-cell
168.20288593847323,72.28157125391915,7.039314223402422,1.8872345905095629,1.9826427565602458,0.9588034196885384,NK-cell
131.9576748347069,63.56665927931707,6.749690809272315,1.3523431980709169,2.3017940332424267,0.8752889708381938,B-cell
99.82413585398439,62.326661319798916,8.37654005743817,2.412380050952715,2.350814010415984,0.9336863754918096,T-cell
121.33607283713502,48.46893954051991,5.411352678950685,1.8531438668242388,2.855402553508086,0.9478363254086316,B-cell
122.11992498903471,64.84876654793328,5.187364523444551,1.723729269400973,4.58775636583286,0.8844368355050178,NK-cell
93.34710699595004,79.0512748423291,3.939728385839969,1.6450341582461963,2.253450347501242,0.828676350140156,NK-cell
87.30561265002773,65.27955083150427,6.335893800971591,2.2578736359483567,2.2184337334913695,0.8773389006158424,NK-cell
108.8609432794978,53.37683768502515,5.642241089735607,2.1255655342560216,2.0934877638849243,0.9742096884637209,NK-cell
124.53873684862583,47.53446155163737,6.28151956601282,2.2211743619175564,3.5084356569937856,0.8662171558063958,B-cell
80.98745118317429,53.6656758386219,4.133050936913921,2.208077666283487,2.966926722915918,0.8125298885189146,T-cell
97.02383838222069,70.49267253380101,5.92192502683204,2.0566826780419762,2.2830187614640334,0.9918262834369563,NK-cell
120.30773076182732,69.81043167303594,5.74623954154473,1.4801216499251457,2.7097635329773344,0.9361353817947737,T-cell
110.75102503887044,53.79290059166064,5.666842047872424,1.6617719239612427,2.366791759233839,0.9081713503875132,T-cell
135.49292517078192,34.049368092251186,4.680080910171371,1.863195056916638,3.2367130249513965,0.9658214693362476,T-cell
84.59538582662582,70.88017869141031,6.927189578264078,3.3391171428529933,5.147501285437069,0.8822321356194192,T-cell
152.3389688020902,52.43209641434649,7.960369094773614,1.2906982077499132,3.4406915245537895,0.9970231588021191,B-cell
82.31613601574757,74.64687470621396,4.167587168442862,1.8486140980098658,2.925609187914109,0.9715146138795647,NK-cell
73.47505306109132,54.4144650102115,6.36453277551155,2.158960236066293,2.468019610009638,0.8561089483311982,B-cell
108.93956996904848,51.16939364862268,2.046579818391533,1.9180003480365047,1.92527993449212,0.874209597435528,B-cell
89.57973929157183,67.14440670163418,6.30233193937895,2.7443817248626425,3.5869517851224284,0.8551485928396891,T-cell
109.30239804719217,98.00778922036916,3.255814460149894,1.9149012416982802,3.543483342693056,0.9318681685696477,B-cell
108.672916178816,75.48641987563202,4.87003918252089,1.9592751605096344,2.627119202647355,0.9278663862134809,T-cell
106.47606418206624,66.90707018888193,3.9243704058948996,2.5887771081697903,3.970667186354095,0.9045011747025434,T-cell
94.83660142045798,70.02392150933356,5.2412662060607245,3.186426997751026,3.016885551108068,0.9931680749145662,B-cell
117.78781074643445,40.484377939201636,6.506552438041394,2.944499024368997,3.619808588316108,0.894455057635538,B-cell
104.28793193419095,49.28723480946421,3.2712240835275725,2.018007669534514,3.2369576016264094,0.956744478839313,T-cell
129.86596767358574,29.846995889340054,5.068624372581233,2.070291472960558,2.8582912960978892,0.931619023435334,T-cell
106.75329945449047,89.21823452407271,4.883957477420732,2.1280315468705227,2.2360923109540103,0.9036369880289337,T-cell
92.63634638840139,86.38340440818048,7.397258420646249,2.1881996450775514,2.883570726109863,0.8084190214422797,B-cell
79.62121006681906,70.49945936700874,6.018113209420342,1.5915911313913111,3.6736405351158776,0.9314990047640264,T-cell
106.90203023392931,66.89161144317886,4.087339464071893,2.6619562793132636,2.5934919104804584,0.9285190168552451,T-cell
87.1543177154728,43.27773996503388,4.9344467451635206,2.223965476633672,3.3517931164825425,0.8249747989185097,NK-cell
85.700686627914,61.92980055649033,7.367325086062638,2.073086286710812,2.133811294380797,0.9591829950721331,B-cell
119.49423156464576,90.0934862976545,6.3572383801288295,1.3373127740645565,3.6240466689042865,0.8933988166890084,T-cell
78.00193889905894,66.83982397474,4.398119845113494,2.1373717250943676,3.2503530691919695,0.8648292028809618,B-cell
135.41948080999242,57.09494947303345,5.179515353940293,0.964072618067517,2.038311392930799,0.9647918771691931,T-cell
112.87489491911973,40.38701075994941,5.217869021910222,1.751010393580661,2.82078838118271,0.8686741918995647,T-cell
109.2108326415507,84.32428018823127,4.8544216874130335,1.762141376112481,3.7451527274546956,0.9243701582567653,B-cell
91.37421307008945,64.01882678561282,3.4477454124139726,2.2721971158525713,1.9927739674774207,0.9235829602912985,T-cell
123.75870133417288,40.40572605292039,4.686853941532038,3.2279100149671778,2.1432398091000526,0.8105611965146534,T-cell
109.94771119524688,52.06028045099841,7.16703916703845,2.4431444793992623,2.9444024361708054,0.8845667261149432,NK-cell
97.65026043066557,47.11446775698617,5.04262661552659,2.9690412435813682,4.706664584345756,0.8445557499863914,B-cell
113.59684453972861,63.15559064003239,5.376095643446897,2.487127303862146,2.4619375327684017,0.8399141323802112,NK-cell
79.70986180209115,67.90274557457946,5.668630776224289,2.775032093812569,3.3962191996683964,0.930992377725442,NK-cell
80.5641116321155,57.954961100100654,8.16176967365455,3.2142764117658635,3.208108326081081,0.8022819990571508,T-cell
89.83665046458059,75.87865235081634,5.510649725700354,1.660897900618647,2.528384079787565,0.9938157956428992,B-cell
116.29149081697486,66.10323136661418,6.8127344243002135,1.621737339521098,3.1289066814279,0.8790782012009642,T-cell
109.94135020748963,79.87237339380982,4.7821837935385645,2.501286540286393,2.641732270324036,0.859760705688981,B-cell
128.88162678000356,59.99928290686994,5.18872088739701,2.0977929275626526,2.7137561679067908,0.9839948799874915,T-cell
93.44018266096562,107.63455828815604,5.515063267732342,2.2322122996841767,1.6709824777814932,0.897334428421369,T-cell
120.34402112866415,57.097157871364594,4.571040469780739,1.9507998647355838,2.9804510121069425,0.9228650502970556,T-cell
107.95033005688494,52.35338011541779,5.255538663276451,1.7422447697851697,3.7192748052980407,0.9391701497273923,B-cell
93.02518649466329,50.63179229865939,6.565661122975923,3.0724588012650154,3.045940619823748,0.9742822546968927,T-cell
116.93553807283254,62.04682982823972,4.53956252668974,1.4400833317080515,3.872406208657944,0.8259483979634112,B-cell
108.81178655158581,40.926494727879025,5.500106837156366,2.5118353555449264,3.4642619567560136,0.8163306358184048,NK-cell
98.67585450538282,69.12387981358935,6.350480261987119,2.41453697143827,2.9523669549358242,0.9987421568669478,B-cell
110.75598356859365,38.3257472260927,4.510640741424707,1.1525920214578538,2.4976595575945453,0.8017767603252142,T-cell
107.66845305312694,67.26339293680124,6.814496551137947,1.6015318020038438,2.6109890277108767,0.9416389507230052,T-cell
107.23361476668495,46.08247558265106,5.587460175653587,1.7023856634300796,1.823591620850303,0.9222130723917242,NK-cell
102.57332330160561,59.6618922966787,5.301852923992852,2.438750467989955,2.786336887921339,0.9105102043418334,B-cell
86.51092629991452,73.46356558785303,3.0902226330397427,1.8797789364416695,3.116799006851323,0.9571655918360187,T-cell
111.3457774861077,97.25652757426894,5.051665069583832,2.0486461160335168,4.372336878239387,0.9984945895270917,NK-cell
95.55114127301454,49.907992709063805,5.945910899374364,1.2254115858091634,3.4226562586231015,0.8093771642987855,T-cell
91.63408038240678,62.895555708030514,7.594414022562961,3.495547030029188,2.3081168158896186,0.922906098528636,T-cell
105.66740280615308,54.86737855314241,6.181466984933936,2.142717371243698,1.848505379584955,0.9433555337078101,T-cell
123.2124777950992,52.821815484148864,6.851459478134019,2.3994005383781665,2.8347583302363417,0.8611878612346038,T-cell
113.34104313843766,54.99037338042638,4.049074511653673,1.7756247068608666,3.6494115574621993,0.9785722769841863,T-cell
100.4394402495634,76.53693065891714,5.347813005216454,1.7084236037592895,2.8235069306444895,0.8913985682899424,B-cell
99.71577095837857,58.16721790077469,6.964895730794637,3.247610792972119,3.4335873400044763,0.8328956923903894,T-cell
121.44463871939783,96.49037777579197,4.434719739520093,0.9499670357960227,2.855099640598249,0.97088156320406,B-cell
66.85875614994967,70.82370958252628,6.6582671547677235,2.267188241058466,3.573600347772479,0.9885851240849288,NK-cell
124.35256980559065,50.85985074356295,6.379981437520399,1.3730976653352642,1.722193581835471,0.8199029836737488,NK-cell
76.2677160512539,59.866127449968914,5.829668378139784,1.8569993073617972,4.28334569611688,0.9503361734309106,T-cell
84.52265765018635,53.77414213944015,5.10555684983683,1.7171433193955876,2.1100132414210315,0.843002843833044,B-cell
100.74321503726193,76.200961141254,4.316445814513078,1.5084133899484513,3.6349858637838217,0.8013444435338044,T-cell
149.06223457275522,42.05708480808646,7.630455152923976,2.1212650378237967,2.782252804264836,0.8521227645770777,B-cell
140.1935484802568,46.226680673898656,6.2582350212688365,0.5591825116163608,2.9073376797064796,0.9709819670441494,T-cell
122.71677960434845,56.71835433751202,5.9087393496105385,1.9107069108487817,2.8071184752238816,0.8282367753567466,B-cell
116.4177628093181,74.56125510393656,5.004580302157299,2.045826014790015,3.2044836680411946,0.8261337765996921,T-cell
76.47901457577545,82.26284384751881,5.545445955507973,1.2844340721563925,3.366019634624716,0.9478095412400313,B-cell
112.82164693185258,84.3275906708198,5.69766072396404,3.0079312328696304,3.8466892094584546,0.8812719277129276,T-cell
100.11401266592051,72.41722127926542,5.979850821680287,1.743324975121611,4.126359106077903,0.8296972145069205,T-cell
95.299951994791,63.83954649098772,6.381208346166321,1.9575094545210978,3.2654572374213617,0.8460000752964344,B-cell
112.78645561954387,76.1247613723959,4.56103416897389,1.7446685016511785,4.370939391334644,0.9589203849971208,T-cell
101.52001982995942,48.97699135595605,3.7400836414155947,2.0510603277416486,3.0743780342579825,0.924653758011604,B-cell
125.64739182743931,39.17479889177283,5.601137021528197,2.88488645610363,3.8619522898023395,0.9521857545132997,B-cell
75.15281418297198,71.11292608761084,3.403339195210286,3.5838094823540847,3.3429757383249177,0.8195546477976076,B-cell
111.35020560222767,50.9205021599161,5.111606806007635,2.5473835222203953,2.5606362948597075,0.8916208565699425,B-cell
94.17624997674721,64.08570574968327,4.888972203865885,2.7527962601830627,3.1449873235038748,0.9594212501562664,B-cell
102.62655507951752,66.6747782222194,6.090097830642003,3.129856488886249,3.4025375020073,0.8531585501736862,NK-cell
115.48327555062635,68.47367382849615,7.8791164425835705,2.2493226460598743,2.9742414948779143,0.8338377936752057,T-cell
89.8884584730188,78.12908153935072,3.1664912513157266,3.042150524167122,3.330285214398045,0.8763567787634384,B-cell
112.95617850762437,76.64905263608424,8.22902203638208,2.575440679434242,3.6922903674615157,0.8666759947677561,B-cell
106.17791230623324,67.73000094034767,5.220309809057169,2.186392415586943,2.981301486403286,0.8370945557764408,T-cell
98.109436426816,58.81178607342832,5.917370418607096,2.3102046206708806,0.644889865054015,0.9907889850712517,T-cell
101.52969525180345,66.5086692414685,3.80220141085154,1.0071498219793056,4.3426161211946965,0.896619680911088,T-cell
107.21806595863534,56.6530541665511,6.696245884271585,2.2752715562676897,2.761926855823737,0.9216152712219849,B-cell
96.17894277386218,62.249995091913604,5.549767043622069,1.1737514877322224,2.341375823334162,0.8242213817499191,T-cell
110.12770055586101,101.65442793012579,5.426239106574055,1.1248385090333357,2.100711763477746,0.9220070176263025,B-cell
104.99282081001064,67.55065581236957,3.1751378621164554,2.215727213415135,2.7308432781330843,0.9110645386416928,B-cell
98.9969143327947,71.30343023852568,5.588556176616913,1.4315528428799675,2.5498017349464144,0.9863858655546065,B-cell
138.6171602102537,55.12327091357493,6.514993988579889,2.0957317492179737,2.410392428892247,0.8824633602144087,T-cell
117.47431860610918,79.28102783001815,5.216465637420174,2.1830607116099188,2.4542989841243417,0.9564124200952434,B-cell
103.11117981278682,75.64381391728794,6.909039214772981,2.209829760490281,3.423794259247858,0.8608361956924244,B-cell
112.62548775484476,75.74293576517118,6.859474206269635,1.5575271557747392,4.624290752802481,0.9157880712655762,T-cell
91.51723753807686,68.00847745454848,4.730685540710983,2.6392094294887194,3.656457278411921,0.9853940794488396,T-cell
102.1381110779855,79.47866134073479,7.414136630556872,2.046458858120353,3.898078547803656,0.9250142621517793,T-cell
104.23860589211154,82.80359275288626,5.554353957190099,2.3646454081026973,2.698071974842609,0.9422317367533017,NK-cell
87.55770962162211,68.96338487089014,5.559694300945397,1.3821362316318022,3.0837322924404624,0.975196905040518,T-cell
116.97237286389952,63.395426973995484,5.6187774671232775,1.9930034659224078,3.3411859233842294,0.9850848726617599,T-cell
100.89897135296914,77.52399386160666,5.583178901129351,2.758376689962072,2.472353685085784,0.8416549750406135,T-cell
103.60159998594673,52.34224570816359,2.34383997200979,2.6821065790852208,2.659415943560706,0.8391676063258371,T-cell
99.7630425357796,54.948556071385426,5.277392322172335,1.6216243902453638,3.6836415666664615,0.9100952253817571,T-cell
163.26363063157578,64.25379519961137,3.863264234005055,1.7726650856550927,3.8722342040800872,0.9991032752612722,B-cell
98.07292729686777,40.621001041865966,7.4516028426588115,1.5067879619617088,3.0539282156122063,0.898030464662156,B-cell
72.7638148300551,76.58633382988793,7.403299590065441,1.706152249043471,2.043874255377019,0.8661809926206855,NK-cell
81.20122452274096,51.51920557547847,6.522325998946705,1.2605594755760827,2.7635264134258737,0.9074522549866177,T-cell
123.66744720851783,58.3991256989754,5.2138390751933334,2.0170944765549157,1.8469350923953025,0.8128791548231404,B-cell
134.05614845029635,62.014085660483204,4.290382076075562,2.4798830389097066,3.0601619278677816,0.8354413540619828,B-cell
97.72765055528863,65.5500155019877,4.710902798469275,1.628968281719353,3.204322489017135,0.829784083469302,B-cell
133.02109405343836,60.18885413007742,7.83117028771124,2.045636230403294,2.783431663169779,0.8055831090142104,NK-cell
123.3486199971658,64.05680533877512,4.669363136176048,1.967700955421186,3.1933689779065637,0.9444424606090568,T-cell
106.5893576422504,64.1652131465342,2.6732855747367235,2.7330712389589316,3.333520991267071,0.8650949091723648,B-cell
105.31196689213036,58.741566593220234,6.7361986101824725,1.7330448979173474,3.205489634325699,0.833707262248418,B-cell
113.25566407548176,54.17527759305729,7.300603736341472,1.7548703354094892,2.038775766162456,0.9024487541051247,T-cell
125.79420479876553,80.14063494097843,7.491058824599826,1.5923873230245833,2.797388539589844,0.864688881194413,NK-cell
117.1513021807104,35.53832016826616,6.746017605099194,1.4174942879529076,3.3278743826130146,0.8786035541596159,T-cell
97.81745056762348,62.119987773867244,6.941823612681738,2.417510994868182,4.2629694170448,0.8631063634123622,T-cell
106.86427315352641,58.435407393620984,5.56352088886425,2.018933522201713,2.782459399809042,0.8007967028717665,B-cell
145.66274218499464,70.86308081417081,3.0084452518100044,2.132885915893981,3.440672160358488,0.937665772883785,B-cell
114.52184835133146,44.63990084873388,5.5334572498000165,2.864784693717238,3.7025215295390588,0.822138095746812,NK-cell
125.64785768388707,58.00300522258954,6.245887326903301,2.899248435556723,2.8426978413019524,0.843828479412594,NK-cell
119.71792977048618,63.56696372414342,5.3376759321205,1.112259415299118,3.9187261979898724,0.8380634087127663,T-cell
114.92043939195865,79.98103054518643,5.282996657512462,2.4887008038573404,3.9617390651447173,0.8662734590997415,B-cell
111.95658020027125,69.65058953513594,4.343058353178013,2.2353881554267137,4.104307787248953,0.8320395358992713,NK-cell
126.15303125584963,48.43116504783593,4.297913508073569,1.8230454005124381,3.3667457351884256,0.8693904248375909,T-cell
122.9355602355923,58.17532593791076,7.705778217719284,2.2966102122167653,4.8881097997260285,0.8486528691615469,B-cell
114.75008260420788,77.40471893724967,7.749215643856171,1.0641700588675287,2.507773509788527,0.8122430226344822,NK-cell
97.51227454013801,48.18915187707705,5.496823442504676,2.9775854056658395,4.699262068943152,0.9741125954339659,T-cell
116.94005849987249,63.898980242786806,5.837828326111512,2.4089664582431447,3.614639590926746,0.8611162214197423,NK-cell
108.7938571435745,64.87231366463214,4.322970331555577,1.5808813531004047,4.072309866421374,0.8190564292752761,B-cell
104.45139359578863,59.599037161109294,6.271089819927345,1.7487538669082858,2.743969796366631,0.9043052757904246,NK-cell
158.21796754938921,102.74052495918481,7.61157900593704,1.078112114671536,3.6755797623710103,0.8246551036737607,B-cell
82.29707646125911,59.22175956773432,3.664923064066368,1.9116256500982476,4.14157933093149,0.9546186402913693,B-cell
127.2532314630347,71.29671223114917,6.0566599596428725,1.8103608136556504,2.130113085020902,0.8123155886479679,B-cell
94.47192300343104,54.271784316930024,6.146826691174049,1.3049337677257447,2.8693389745476647,0.8929271899888462,T-cell
112.36151880818113,72.38847188799166,6.133127817867109,2.566021340225867,1.2869978494150498,0.9887652660231556,B-cell
156.23457534362333,77.1910263559271,7.471381201418163,2.8660783138166854,2.857333618520675,0.8317938107316828,NK-cell
92.67735809316687,56.768503485554625,7.943221854605383,2.0835837059733135,2.347193445231931,0.8402737353810996,NK-cell
96.97029221310925,64.23417458694054,5.219819586552805,1.9166118702921793,2.825785849626612,0.9200929822790431,NK-cell
109.68475273127119,52.466083221527775,6.307808406587629,2.3609907612790764,5.3389146860837275,0.9959708143190679,B-cell
94.75009476263548,48.97834663130152,5.601080446871271,2.088216622502974,4.374242805437759,0.8771671496571187,B-cell
125.91301431692541,79.51513605500288,4.741461648472365,1.4506924702612884,1.8484419706394943,0.9297290185554413,B-cell
100.3784701508607,57.24398675762893,5.824976988257218,1.7083932080476434,3.444590641279524,0.8304634125563268,B-cell
121.77217352268806,31.209427400887016,6.305799434200297,1.9221383959511815,3.6391448696473905,0.9282794266528605,B-cell
86.07459562759875,89.71498619091072,5.760314422500382,2.2489119566860176,2.729682330636328,0.8505324129909787,T-cell
77.47703296122394,53.770665477123515,4.4425825486166595,2.105602030725881,3.1426460825268396,0.9226575214982662,T-cell
105.87827037884512,61.55077738752757,4.943727232173187,2.2262216279922695,3.2207857659319985,0.817732241616722,B-cell
81.7668589153233,87.97269107692041,4.9529110957904114,1.185103210029647,1.9227109017105117,0.9049938043410658,T-cell
137.3288404297781,63.01561068137304,4.489067254083155,2.4991306464509577,2.1749365167310812,0.8474809989346481,T-cell
82.46353717109004,62.713287569173914,5.876247497926802,2.1020495304051074,3.137837374752792,0.9363417406658827,T-cell
91.32163962192745,47.80557737629253,6.001734515551693,3.6316254324900923,3.0795220223854134,0.9495339574136631,NK-cell
117.44515793854298,42.11232820521407,6.675421121064636,1.8674193778941524,2.4331498276661847,0.9696285061118795,NK-cell
99.4454488988839,62.6705922956542,4.470853182207242,2.2940750970656234,2.3644990881169243,0.9984790737838164,B-cell
82.66901654238313,70.07933683704853,4.807025576525448,3.7975314973251013,2.928176600263035,0.8918709559306465,NK-cell
146.71935488129526,69.27735571495082,7.365483342317486,2.2164549777019076,3.7089207623866183,0.9341188834414649,NK-cell
91.97059154312767,58.262344873430976,5.302604963112496,2.0594216764343902,2.938811383242504,0.8036847432504244,T-cell
106.46735946506212,65.28360919085719,5.53615723510196,1.5078468631496094,4.298184664508519,0.9810174066612423,T-cell
106.23453463809146,39.27906006540846,5.289875534325221,3.016959820325391,2.443343561869951,0.9231486291057158,T-cell
122.7855647353984,71.4423382897367,6.859636982465973,1.404539048294058,3.154487841163861,0.8842689958546475,T-cell
118.32234429207907,67.25968182678065,6.906170416858035,2.3562725501088733,2.7165636567167954,0.8868625485521302,B-cell
95.1175813208419,92.63125251856,6.835849720706618,1.8158668072149713,3.470368757130488,0.9515991292720791,T-cell
104.13511008602048,65.10471505000666,5.531881133629057,1.9863982424531867,2.374729694219843,0.9666940007071788,NK-cell
105.91539619624731,51.8026290699549,4.453076827013198,1.2456406388339651,4.541918203195005,0.9615807352629704,B-cell
123.48127096757412,64.28987612275654,7.810255693311105,2.905876333040337,1.647510077539195,0.9021169306094048,T-cell
88.97020553254518,60.41080279977828,6.52757077234662,1.933321616449034,4.372384191744197,0.8742293275136064,NK-cell
146.32599002160407,71.08591016278557,4.952009222329132,1.37094620466418,3.071990775287066,0.9891078722831071,NK-cell
96.33469902573,65.3764888641526,7.208582616333294,2.851614358224055,3.4419396653975305,0.926839904954042,B-cell
109.84251085838132,47.36074618526299,4.857269301689086,1.797517912177618,4.0676199224735665,0.9087306817988423,B-cell
89.12019008552164,42.09959396528373,7.192844083826388,2.300764375038433,3.6861291961328555,0.9196637864056586,NK-cell
86.6331377904689,68.68071483686222,7.27394150726139,2.6048498292806195,2.4159784897655507,0.9259733016372566,B-cell
94.26028863660277,84.36360357496935,4.394220673982733,2.384420598344592,3.4800716442100814,0.9426145768213808,NK-cell
92.53058208204341,66.11087037672407,6.198109963625153,0.7820186697005789,4.493979178107693,0.9106369390082332,T-cell
102.54337356521305,76.3861629548829,6.438628844753595,2.5172140205866724,2.290166630271342,0.9750710708914957,B-cell
92.37862948225266,79.1793281588504,8.637891039503598,2.0396317424009234,4.694742808955183,0.9719428428547432,B-cell
122.51994358329577,68.73508584112535,4.609238658839372,1.9025827819180006,3.3085619887748514,0.8884515489305675,T-cell
95.90628988426926,53.597119169940285,7.219051932392595,2.0345550306148668,2.6534177824637943,0.8337072224251073,T-cell
93.91132111786553,67.7343131906379,5.520815221640265,1.1339803236353512,2.285368492313397,0.9153311427542202,T-cell
102.92656044588917,81.89902042640672,4.0103629797033165,2.215302548797082,2.82137034047338,0.9241479044262364,T-cell
127.8710998165333,72.4184676943988,5.356015396198855,1.281365175774414,1.4357773351436036,0.904675914790747,T-cell
113.86777112498719,75.47543479960117,5.502957713319648,1.9284961742660214,2.66780442475297,0.9781155626547933,T-cell
108.20558846202555,58.52435261631444,4.229331768261654,2.1937586589229263,2.7896582049155105,0.8186040514048732,NK-cell
84.20519414056378,62.16704736356325,5.874608342621835,2.744422252792569,2.1404690807100644,0.8574837009670401,B-cell
89.43124772245324,63.33781764739486,6.649371106598298,1.6082321040841714,3.5982761559234877,0.9731579692645237,B-cell
86.98862107928677,64.28126796448485,5.785840784874415,2.9709524231075934,2.8249869697684904,0.9878826626044411,T-cell
133.52332202610225,81.35141642417302,4.849787092744148,2.6681119521090886,2.491364364308458,0.8851850149405137,NK-cell
119.55013621636965,32.139567803265656,5.3218335179116405,1.8423541545056785,2.739732851945165,0.8385287963681877,T-cell
94.4908308393645,65.42753626414573,5.494547971847859,1.4347504401584383,3.2840859786526777,0.884065899301987,T-cell
99.84131041113821,63.887050740272045,5.760785952977258,1.2337102906617474,3.0585769683735955,0.8912332890848272,B-cell
95.144776827728,45.79898401978191,6.831796914688037,2.2630523109198837,2.439219929529938,0.90391387563251,NK-cell
94.05449810514725,74.4047410322245,5.826327704063307,1.6576295102755119,3.1005227792323553,0.8548706160365902,NK-cell
118.28541856189125,54.85699731277106,3.8167640456443475,2.8196140831690295,2.959459233946994,0.8625254814233645,B-cell
104.82434802588236,60.001542909055765,4.82521471361357,1.6922857021030377,2.0884286214809498,0.9311175262692184,B-cell
147.46101939735433,90.8829467085566,5.699225261075964,1.5595974119688167,2.7691962451941916,0.9243588301993279,B-cell
132.50647684130598,79.13963109354678,6.848949381944936,2.2401758107465883,3.4634706163367106,0.9324205030230669,B-cell
133.570646128401,73.04281714803163,7.057415729843862,1.6883718857043462,3.4577106079172064,0.8754569966395163,T-cell
122.08442554906627,70.33087708502165,7.629622409904946,2.105129996021282,2.816028534077285,0.8672913676999785,T-cell
102.39213673087059,62.6944796857652,5.656737277095166,2.6915935980351127,3.541418235828781,0.8703077345945878,NK-cell
120.76023592153251,92.99128171518142,6.415971010602992,2.170337599001235,2.216035602412303,0.9902352970979337,NK-cell
103.72101149848416,76.23034684016335,3.7546461587164366,2.1725786764216344,2.2408097294453393,0.8790490206288646,T-cell
139.34496891311053,54.50630120448646,6.015857887793779,2.223088025345051,2.7989960293650555,0.9212264792675852,T-cell
117.27702889489856,45.398568104952844,4.209683078246966,1.0841406058287641,4.198052908869708,0.9045686374333077,T-cell
114.72248645485428,72.93573202784977,5.4249529650943,2.3351026499582943,3.1306013012305645,0.9752443631988984,B-cell
112.28730792373116,64.21783218170178,9.135806066646571,2.1959589460355375,2.7797073522673825,0.8738233601558958,T-cell
141.32479569249546,44.994865662753654,5.864265083428515,2.6357383961900527,4.235310400965317,0.8868288888712341,B-cell
84.19249399093786,71.00020631996215,4.463424136983606,2.4634864806822714,2.770449251837169,0.9685588577564421,T-cell
143.08918089803709,61.23361975563871,5.989346807149486,1.9788308210366916,4.787786589828795,0.8321915228059812,T-cell
106.64923146582552,72.42930895738458,4.879509776092775,2.719435734906414,2.5909735011034036,0.91885890957506,T-cell
84.68931843531828,71.18436300413269,4.347107064210938,1.9244215814323677,2.190617016598959,0.8799816415287608,B-cell
96.46022483042499,56.48430369838625,8.023767440068601,2.248294262446623,2.8669104201184994,0.9971583117850455,T-cell
80.28546927097551,73.85982670193887,6.780174431520104,1.9133103417123865,2.8007325913303864,0.944276823360124,B-cell
121.76582142054151,58.029328843111415,5.914643949994894,2.377054682953927,2.3538240189205735,0.8021112525612257,B-cell
91.31072689376265,58.939653775466404,5.02981205170295,1.8741061304173428,5.081579262526749,0.9678947800893287,B-cell
113.0360179916846,57.54820030730071,5.127052620433361,3.0885309653649404,3.2549012542441997,0.9406359312362623,T-cell
130.41590654298525,80.83364198928778,7.350978240212981,3.3104176423353833,3.371399658937267,0.9121921831165287,B-cell
97.90369528580953,61.07198656723895,5.867893045197482,2.624362952511603,2.630496586290463,0.8472256951768634,T-cell
105.17413352556093,84.21420452789953,1.8006338284614243,3.0247779896484173,2.537864492203896,0.8298633300815381,B-cell
86.53940102151172,89.96878818261604,8.405126218790604,1.176471311484572,3.8204466845741605,0.9256799125716836,B-cell
103.00957203887845,54.65793208403772,5.719674828366742,1.2471733540350034,1.659326581928191,0.8879880545627528,NK-cell
156.3324252549207,24.10606559424293,5.9120428068817805,1.9070636600212723,2.085708421767705,0.9723240624462259,NK-cell
124.00279695398795,79.62313360579782,6.804033776121756,2.1247385791553266,2.8021531955139563,0.8524747140555343,B-cell
105.23485245991512,60.212393436958024,6.058483392773904,1.9810755491402006,4.08083784450745,0.9275039961692498,NK-cell
98.98961534872913,52.87339021615212,6.396290341260172,1.114718850220228,2.700386421624421,0.8497686073318036,T-cell
109.2325988781842,56.75794651385844,4.99153183916209,2.7909550237941883,3.332921245819357,0.9272634158186577,B-cell
112.34091353948551,59.19260650087559,4.024245611240336,3.392518940014162,3.0221829435104732,0.8096689284431428,T-cell
102.45674527137636,83.16070326971236,5.836279337767836,2.8685926075035737,4.037006730349447,0.8783414853628769,T-cell
119.54106552388032,67.2387573504452,7.217937582729508,2.751313961271883,1.732221585429663,0.8345371231731503,B-cell
92.83794517891263,82.9703808215139,4.722636929940259,2.2356717630873617,3.5887705629782216,0.9211867992446949,B-cell
92.74902185028317,71.91908166989894,4.626371206216269,1.594201577563718,2.840880856205922,0.8633456106355464,B-cell
116.66351822690368,60.67076986469322,6.9652231124559245,2.1435168315815805,3.7399073551355264,0.9543065235353498,NK-cell
88.96444843584084,59.5349991550704,4.95130575383069,3.3633528221049023,2.344574315119748,0.8229188720860037,B-cell
123.12231055152571,72.86252251049441,5.007328103398717,1.8888071324957665,3.019514455890271,0.9112426133838485,NK-cell
109.7429489768552,76.48595881065792,5.05222687246451,1.827025651305635,2.917994631269853,0.9187355725883309,NK-cell
77.09763406309015,78.95509759981218,5.422022822811425,2.7643821954623484,2.19805162294367,0.8044208199440133,NK-cell
111.97098426009704,61.3384608407396,3.6116342849175536,2.8042116304473574,1.975669589642429,0.8071971421700997,T-cell
79.6673607573981,67.45288198966261,4.852791864950048,1.5912589165351179,2.535670910509486,0.8616480344656037,B-cell
122.4805161738019,73.17656572957458,5.776441622967666,1.9431092320575465,3.1039449031959996,0.9218150878823824,B-cell
105.52314207348927,59.624489636883936,5.767885523409795,1.7988567024591393,2.3944702205564057,0.9925259990324413,NK-cell
143.31951589712276,49.11083952676126,6.889591663095505,2.141813627436654,2.7359411495777457,0.8181567019977326,T-cell
129.28363119870693,53.71220506617027,7.707270666633765,2.762212002570896,1.4913621164131432,0.9406325546421611,T-cell
90.90753488782715,61.625503804328204,7.314980135997284,1.6175834873231454,2.703480063613016,0.9385432244245554,T-cell
73.62668245085449,74.27089994908421,6.597582860888721,2.753798887342162,3.8188693173000057,0.9338948487006954,T-cell
96.40817737775527,82.62568493800943,5.321518491079351,2.160990749352785,3.5641442607760663,0.9032294683064404,NK-cell
88.01734514905331,46.01533907771531,4.752317116051744,3.495715281788567,2.9304624503782852,0.9933651901220287,T-cell
142.86328556378768,56.637169804980246,5.521454119010082,2.2912985306225244,3.1949221800113308,0.9003550276977363,T-cell
109.81433613295728,59.989925041114475,6.2026945237274775,2.041848858222441,2.337391683524674,0.9676594158398416,B-cell
126.801538475297,76.12603845229302,6.486325357894801,2.4448288362695956,4.29955094663312,0.8525041205749327,T-cell
104.86944357408946,57.606452504561,6.24770288021902,1.8977122572676741,4.654210005211124,0.961261699861371,T-cell
106.76598521094837,58.983747310735396,5.354589434348737,1.0228361259889047,3.131858904564779,0.9993091467877867,B-cell
109.41271359483964,45.232103919896865,6.444234687810714,1.9556872954373412,5.072548668849194,0.982017197554752,B-cell
129.91770773466402,71.76770242362562,7.013047006100203,1.946223834558465,2.455854102771726,0.8608143437503891,NK-cell
115.60924560214278,62.74041295564824,6.55619246088105,1.144609523670113,1.9991366079448376,0.9692314951696799,B-cell
90.96799081742003,55.84336951028565,5.461584333803922,2.0561788861233046,2.4323009967247056,0.819051424605744,NK-cell
139.2052544855555,61.366814857250645,4.499381568992792,0.8597338652343618,2.8244077879400074,0.9355415119226106,T-cell
104.72932101824637,80.77793702703768,4.4709190847342715,1.8913878989067126,4.849653240962371,0.8684292465973373,B-cell
101.80063777022033,50.931583283522194,4.682538851689382,2.2461575952268036,2.7750726980752325,0.9317340179191196,B-cell
59.06890455951737,53.216765164549656,5.808490238409916,2.1581977062829396,2.312275349756783,0.8824498015158931,B-cell
121.41919264090407,82.5315342645187,6.12376450426676,1.8533583162679093,2.2812329123380506,0.8018066299650646,B-cell
111.8182275139139,66.06084759226401,3.802561218467164,2.048681758831157,3.912017689634624,0.8462553108095903,T-cell
111.79866181883423,74.37655735396685,4.895205869963739,1.6295613375133016,3.797841398647229,0.8084772465716632,T-cell
102.74915592000528,70.62452674007962,5.791942558366473,2.106489911653521,2.6116174509171115,0.8854539845599703,NK-cell
99.64607887760991,64.50531626788472,4.420384107882877,2.1348518439550626,1.4993727071382756,0.9680142573456366,NK-cell
103.34755231705226,60.123812331920206,6.020684983671526,1.5598500132590942,2.097125164232572,0.9475993517950156,T-cell
118.33689568029104,76.64181231477346,5.131086050900121,2.260619520305459,4.3769950699996345,0.9577824372488132,B-cell
121.50411991460031,81.27271194935616,4.631895673996892,2.256871593048272,3.5510463076395764,0.9614399297609458,B-cell
105.84143140925723,80.17863685822536,5.563846518938677,2.0002740518513575,3.052369100446644,0.8743879576086951,B-cell
127.08087489770166,48.403397128932426,5.970736395494921,3.552628221772091,4.495066538520846,0.9012051458986797,T-cell
108.57846474168541,83.2687542498206,4.481765302876087,2.015578567989415,4.566661018249213,0.9016902340170803,NK-cell
100.9239244737742,59.98890644123297,5.208865144223143,1.9324594527761891,2.9712483184309613,0.8226417033872145,B-cell
113.57148034833256,54.42958647437232,6.06121405276853,1.8465641344753605,2.9859425915746667,0.9196284244256548,B-cell
85.53104446711052,62.629412245241376,4.585491780019879,1.5174364661541604,2.5343626543103386,0.9440359558000672,B-cell
114.18892956342647,76.63579809348225,3.510691791491318,2.511538415906042,2.772317370011892,0.9221935638226588,B-cell
82.24072210052532,72.56649857639287,3.6561113851722946,1.68825181918833,1.810940019359903,0.9491931869419046,T-cell
91.50091472029224,61.42459023404025,4.998338963131636,1.7592311118013484,1.807690899052752,0.8237782536249714,NK-cell
73.66355467910076,76.72732213629165,3.917898068433834,1.7770550642768412,1.6218729048752787,0.9522817892668355,T-cell
106.84789485191298,66.9580481306321,5.082733725788505,1.5090338904908933,3.8674696055355557,0.8416280206736954,NK-cell
138.97340664156368,56.97839948244876,7.497931421407214,1.0493500004731664,1.7508782216699492,0.9753653645679066,NK-cell
107.89262010053417,55.0875060385811,3.845681934773582,1.8222360797044839,4.559969838964924,0.8489862624701592,B-cell
121.58453682979629,70.74328782190268,5.160874178226759,2.6240011876273748,2.415697687040476,0.898398476738088,B-cell
152.341650151623,63.844751698581575,8.058765465125662,2.2181878832791466,4.389879925426029,0.8974532593313269,T-cell
117.27300526616173,45.74292785220909,5.989756099570852,3.0363451621128754,2.7079565257076204,0.8537700640784027,T-cell
96.2261831974156,76.86026090297304,5.058732055029281,2.5505737829935105,1.7470505832636183,0.8723419168839189,B-cell
98.70376515075493,58.27614959925811,5.311740838576914,2.414378886164427,4.027023118452376,0.8371193498151185,T-cell
110.01184774801412,87.28967507184312,6.015235010071933,3.229589413591629,4.12149250210658,0.9140201394917099,T-cell
98.60789638530336,45.35814020783405,7.534926316752928,2.0417126429980734,2.2751591997863914,0.982605605066696,NK-cell
99.95443400335823,62.47007965053984,4.862975671027309,2.1378454041029715,2.7346781867220393,0.8633215144723301,T-cell
127.73457036667082,55.20031241785081,4.590867660534061,2.0931213470039176,2.2753632507512167,0.9016125219542915,T-cell
128.47081305389983,51.344084714717255,3.845429520663727,3.02627203871013,2.903578644433825,0.9723761223817299,T-cell
80.35593532312404,58.18492996538273,5.623715239011765,2.1015091898754545,3.086263317952684,0.8904998093890946,B-cell
95.27294867779605,89.78794652651774,3.8131751562185046,1.7110335755537376,2.718893552707657,0.966252065691584,B-cell
101.64792103555894,67.00718238111305,4.943460850213847,2.452605322777711,1.5448868836873175,0.889278133033974,B-cell
120.78360103097454,53.916087456835996,4.409579870667577,1.6102441133657832,2.5352965479279823,0.8880484933421747,B-cell
130.5753605931018,39.39920225527633,6.788948212280927,2.420082907568355,3.5628150108432335,0.8314479924358684,T-cell
158.63542281692992,40.90092435113239,4.889924335159833,2.348304560485101,2.832880365923267,0.8249957648853229,B-cell
101.6178806669121,57.48951598233771,5.976316393606739,1.9863583993161025,2.7380474979506353,0.9222993488588975,T-cell
102.51688314184348,56.12836822205876,3.5750895979737245,2.439486943252096,2.255378763975388,0.9654667049357442,NK-cell
120.59426028147885,61.8632901127172,5.6578083453434145,1.2073260418149891,2.5119589046419066,0.8270812973700388,T-cell
97.72009905881254,33.18942679389808,4.0562076329671015,2.197777272794992,4.127158485265568,0.9820187892213975,T-cell
107.4626864931707,63.71645766934853,4.989221800084169,1.822340769199961,2.0881781945583135,0.8717759603728673,B-cell
102.52931404189617,79.38821685205951,8.15344308910747,3.8173581463707125,3.5766584773481838,0.8850514413041644,T-cell
62.810229405724776,87.71977746309874,6.61860925268906,2.1934950417841246,3.0376441767228197,0.9788906804036258,B-cell
112.21819814272783,38.47775392916005,5.345904900602432,1.7421647701299379,3.1958485304971216,0.9792592900642813,B-cell
106.71750273254978,53.78050137065182,9.338730291739836,1.273018958368151,2.4141149751883058,0.9049717753823144,NK-cell
132.8821589046242,53.04072594635651,4.401790371552019,2.8832437180765598,2.718578107161666,0.8553529888906682,T-cell
110.09882733565439,67.0400999853591,6.898259658490433,1.8899803682857335,2.995423855862434,0.8343878944676352,B-cell
87.4145453903449,47.92318544972965,3.6607906517834627,1.6251887597547485,2.583466428312643,0.8543160094861093,B-cell
105.35422028636857,88.55168548217353,5.207292690822463,2.3017795284054356,3.2651456832292394,0.956125479525025,T-cell
72.3605088235407,65.60931460360035,3.8826522997833277,2.4898312988433924,3.365951212898457,0.86491816044273,B-cell
88.20347896640644,63.27595194981104,5.80873109810905,2.4803717599257173,4.738165298895937,0.9389122922066018,NK-cell
121.43910742675396,87.29799227295888,5.567164304294508,2.111850253835617,3.222552023489897,0.8390401644559194,B-cell
105.54787208083407,64.77533326283313,5.130802240979702,2.195514082132032,1.4702058755849299,0.89570072653778,NK-cell
126.60514831096518,70.60424769098164,6.810468430151568,2.239222245408422,3.9304152646709443,0.8704212432117645,B-cell
74.59593948419514,54.48882417391131,4.819481232396652,2.301837759377324,2.836903486691046,0.9007224646640462,T-cell
105.63569484817245,45.81297108923863,5.892222097368789,2.3549311175408896,4.609540290349483,0.9139890581840353,NK-cell
101.44077502901986,56.45493715894077,6.484665928325606,2.7566716507833275,4.176739562004246,0.9981869929268891,T-cell
127.20527448703771,95.61766174522754,3.7201345493245803,2.13384891721551,2.595786093030747,0.9799790094378404,B-cell
122.10972982699921,73.86229327601738,4.601902789990739,1.609918040501783,3.5775222270969405,0.9391732955048382,B-cell
121.56053870158937,68.8434877195547,5.5646331607790005,2.0134249781375795,2.52483588180169,0.8307486941060838,NK-cell
137.74538068551382,51.330772537407206,6.2561841033139824,2.5522684912409983,3.0021526611317553,0.9838057112678437,NK-cell
103.37443203284181,77.75751121377384,7.20548531910584,1.0280832249690928,3.540787851483163,0.9785172141416,T-cell
134.03145503541293,45.99229415960692,5.2409442415264955,1.0315486827768234,3.890400164837208,0.9773406860148478,B-cell
91.20428928416476,43.06120970444667,5.120234748820139,2.6509656728353947,3.716164663108992,0.8958033728706112,T-cell
90.54420050421751,57.175580279656955,4.4528847637436035,3.012073690110797,3.0599917055302623,0.8341413422122114,B-cell
123.5494382869701,92.36287276746027,5.89598091061244,1.340879978988316,4.986739120064973,0.9508806429937843,B-cell
82.91466670864158,91.57051925349656,5.14345891156229,2.160275562499737,2.7079836747783284,0.8777030077980847,T-cell
120.30978131154124,58.68268300449239,5.171161284609138,1.860272932249791,1.7142394946405617,0.868913657938447,NK-cell
111.82363748698387,55.56121374522822,5.38733379293379,1.9435019326550258,1.8682405638325401,0.8781564025118554,B-cell
129.29334911578772,42.034931432163084,6.161953674508407,2.283318605253849,4.1792061840978745,0.9118141114931625,B-cell
108.93000863081198,66.09243015728119,4.823523336184887,1.3242778625935507,2.9386776641225563,0.8667037661488318,NK-cell
111.00888103331948,67.26817852783367,4.573410293309314,1.4356694997045594,3.1272459984432737,0.9379841221996237,B-cell
119.1667698726483,76.05378755875677,6.0180690233609235,1.919249296247265,2.5659808960605304,0.9295447591487326,B-cell
98.07230809892398,77.7499051865523,1.8691301177408983,2.012774641263504,2.637838016560648,0.9017725227653801,T-cell
97.28828646517601,62.23609315269514,4.775586191605977,1.4244269365894973,2.370323311240564,0.8107946463370991,T-cell
118.53972991718155,72.78439024663417,4.118428600711163,2.573788604873511,3.376920650664071,0.9873085364742344,T-cell
109.47281943564853,55.191055850148494,6.943909867620146,1.84946341613338,2.9220960659703197,0.8823392566240781,T-cell
102.66834948852295,72.5185954670496,4.970880684948524,1.8469094363598928,3.348004302242721,0.8898906388571775,T-cell
108.50988620544199,57.89875090541618,4.827140661679323,2.2695952741379406,3.2715507082539865,0.8912065024486332,B-cell
138.70207114108993,71.43241922353712,5.441653017696071,2.0226550343595004,2.659297013093683,0.8730055916476939,B-cell
102.02566867868194,70.29901855399511,4.785553085842103,2.602486087743488,1.8330154997577701,0.934917582123602,T-cell
101.50364696092372,65.9632507597309,5.016822210215758,1.5399464773196,1.763360323200514,0.8027835391647699,B-cell
79.2660039560751,76.12355605423096,5.616532492507796,1.261568041761916,5.421321273356053,0.9747016658621358,NK-cell
109.23764711317193,43.014413000950405,4.993551478592479,1.9141274617208355,4.182538755538648,0.8204878050539121,T-cell
121.82390320232706,50.09117294490684,4.9849390572735555,2.136141703761008,4.072146053512971,0.9999427350209635,B-cell
125.05156608225563,61.21916457025752,4.28781079154643,1.355546433541488,2.4603145544104836,0.9256165258353443,T-cell
111.94791682934958,44.79431257257348,4.115459511375363,1.2673478629798447,3.007607787010496,0.8132492948209369,B-cell
127.2050043154559,59.30389679623413,5.5727642771083366,2.2093786694027915,2.3477097660934634,0.9124874118853682,B-cell
123.16214723384435,59.7551758689143,5.867920611742987,1.645331659611023,1.9503343238672874,0.8662615584931229,T-cell
130.03310413446073,83.33557301333371,3.7862120274592606,1.2284929697958482,2.528981183699439,0.9906086446252468,T-cell
127.71744779859611,66.99547183208047,6.411929698457017,2.679204775388438,4.060947970743663,0.951094200956377,NK-cell
138.25960752993052,79.4120140648943,6.416857167789697,1.7209231962437448,3.6725962935391756,0.9014029337296873,T-cell
106.9455230018075,69.22344606333606,6.669626965934348,2.7898869623192146,2.223961598702383,0.8859554799014949,B-cell
86.11295523749286,57.50065820275108,5.859866901688717,2.1170824746656565,2.7481471598740197,0.9991737731579072,B-cell
121.94693738633757,66.87203530845117,6.264498520346795,2.2768553172331822,3.5992985375492648,0.9334768169921522,T-cell
124.04995740780997,75.21196867505041,8.122031013493986,1.9731001523418883,2.54322288385013,0.9027859484782482,B-cell
138.2599170808605,81.70761857019613,5.138174078947248,0.5069026532725821,3.0636689958661845,0.8795888234840591,B-cell
133.0632264110547,63.147659118917936,4.245170198932532,1.4179281053677777,3.3214779576518496,0.8649165714881124,T-cell
145.01850420556218,41.934850986058784,3.6591281401342464,2.0245743241687655,3.3127444414753047,0.9410838847603259,NK-cell
121.15737164587759,40.95076839609337,7.606808716278779,2.318837482375623,3.203316342152229,0.9175771029812054,B-cell
114.1185906548953,60.430223458363585,7.6225447104383885,1.0261955865671277,2.4770422609739917,0.9696369670607865,B-cell
85.07030381613656,32.26937898392838,4.3904803096789236,2.067838975283723,2.5592203299849476,0.9107121446606748,T-cell
115.54573762125345,90.13146252031562,4.627215024785732,1.4266415476715812,2.0930801187834995,0.9164662780263622,T-cell
100.05493957631627,73.35706523959627,5.111210754962594,2.2407720990537925,1.750930725198182,0.8954712989686361,B-cell
113.80718024178448,56.100661867038575,6.96910824657518,2.088359528580105,2.908201006647817,0.9525241892582134,B-cell
110.9812373535738,49.46493368387686,3.955237361823628,2.546100961457744,3.653007691669753,0.8829984352197037,T-cell
118.49120459930243,79.39366734366554,3.14005657013335,2.7400937581125113,1.8957740846768425,0.970387920945983,B-cell
108.2480472283068,49.40907982088592,8.101017371874594,2.3753939395644172,3.2183785952994057,0.86540895223096,B-cell
126.83036343318652,50.744825309585266,5.874847944304091,2.616236153382345,3.627704970706716,0.9385250092761931,T-cell
60.98322236824896,54.276756839626316,6.045295967102272,1.889794514445697,1.5306129849429233,0.9785941798199305,B-cell
113.4198843528412,66.59722380404055,5.253872793760008,3.7938704467602875,2.7835351198910248,0.9538147727392242,B-cell
131.64481602474612,73.69116414806358,6.0589419084616285,1.3687085421030716,4.316968160366699,0.8685216285031903,B-cell
143.66087315221188,81.69741126781928,3.682952939990817,1.7833465332544074,3.4415528142058984,0.9412678005901546,B-cell
123.17530409093114,79.62959818525383,4.490895319767724,2.6408151496481356,1.5036342807501695,0.8413969629219947,B-cell
140.3278944064857,65.01083192928638,5.626189461427126,2.5516327829165957,3.5266715699292885,0.811633015890362,NK-cell
113.04084792365737,79.28730763258868,2.77493092851971,2.3924334114854093,2.401810564617337,0.9582763479289702,NK-cell
110.05152636668714,55.60600540433096,5.136978863422925,2.5051911947958647,3.5530455440742075,0.9616018230463331,T-cell
119.52948157809953,39.50787579753247,5.063002755598712,0.8498657072363757,2.4479345867193807,0.8045861877831195,B-cell
109.94250290796083,55.60416499605289,5.136771721659566,3.0535792167227007,2.957574044470428,0.9895590027739948,NK-cell
95.9175655756875,53.712352800131974,4.838701830614823,1.9776654246800311,2.5699657851496407,0.8891799653810338,NK-cell
100.72567560562581,56.15218099481152,4.304929688950604,2.847536509362511,3.0025261781908044,0.9810544294870779,T-cell
89.98124769062917,51.56875379061355,3.313561779674896,0.8798840526192265,2.5461758608711906,0.9576349051289814,T-cell
119.51078770757441,58.54446591388403,5.6736964566008945,2.2539411020887146,2.8211694067564177,0.9801307055617424,T-cell
110.20505262500859,73.6802409973101,5.139851215844508,1.761898632513091,2.0595159933514577,0.9666751266234137,NK-cell
103.51484989835424,89.013599437276,3.8496621441175867,2.443272090948782,3.392527676331193,0.9947990739173649,NK-cell
99.79969237692877,40.845149360373675,5.575040095400524,2.2902422714813073,3.14022816691514,0.9258202002551574,NK-cell
119.09101423159328,46.97171522338958,5.146059765912753,2.319628678499507,1.706774260716679,0.8454517694105005,T-cell
124.04806725098126,53.91975237780566,4.946771258005462,1.4646349870611053,3.794333328161542,0.8779126261465975,NK-cell
89.65074806290671,75.7203862841123,2.9117261358310595,2.0658185275088337,2.858969632276403,0.9503758497238163,T-cell
86.82167594403889,62.1307357983773,6.319321014769471,1.9918997712423956,3.129409916988728,0.8313938557606123,T-cell
127.18117920117827,54.86247087654928,4.020338751869044,2.3971860250244594,3.6116493376233487,0.9859684672358039,T-cell
85.24760170720528,75.0342621078759,5.57592430580949,2.6935781972600803,3.262593793887987,0.8410557827257863,B-cell
119.85476300880472,78.38946372878756,4.5300778678807685,2.190285553205169,3.9321625267687197,0.9751949476359221,B-cell
139.10436557757222,64.73736056806918,5.033528178942418,1.334296626966841,2.765363582235671,0.8967447889677176,T-cell
139.14622646107642,53.57293082731238,6.882750990099893,2.1645472857400607,3.827543508981632,0.9681240296742681,T-cell
123.28170663137765,68.7839139412955,6.137941840964048,3.6666457370455574,3.0983396942458565,0.9916591394955558,NK-cell
122.75857127579818,61.73424508166406,6.856047935547364,3.0876031961926715,3.4061067396053533,0.884429490415145,T-cell
150.5343341035362,61.62581458700355,5.896462593545888,0.31536026234538067,3.3229033382383233,0.9393209081835807,B-cell
67.98087806791213,57.826396939574295,5.975372301208937,2.1380058922169067,3.9925842602476207,0.8453435206818704,T-cell
101.64195783054856,77.94976546250925,3.3626331997285868,2.659271715153207,3.577129898847435,0.9601571433357077,T-cell
125.27285328337882,68.49832316857511,5.118970007360135,1.9906037924592124,2.645643615752123,0.9639851298566214,T-cell
103.92883385884477,79.49981234645482,5.23010928178167,1.8239454479136699,2.4869863648001216,0.8590491408065593,B-cell
132.31600955492664,83.70856603669375,6.96839778442237,1.939821470949907,2.960196681924134,0.804828152494138,B-cell
109.29162691441653,71.42573076413296,4.892524806511686,2.4313136912607916,2.391918847136602,0.8862410503559649,T-cell
112.37138948607675,57.90932039160787,5.817831410867347,1.4109180153749947,2.158246238938922,0.8340001068490425,NK-cell
105.05585604357312,79.564567251077,5.770908811701703,2.8132131909656226,1.2975580245615665,0.9637102160537746,T-cell
100.59480274145491,71.51930583189696,6.889210192336873,2.0664042049811586,1.7605897937370316,0.8522194556034313,B-cell
100.15202066334227,101.44714887530695,5.339507101232639,1.5389854355330705,4.58832508888922,0.9887385585093055,T-cell
114.88099334306197,69.34144043892562,6.4933443384317755,2.7746100968392176,2.474799800296178,0.9943617922153778,NK-cell
96.0578306151884,74.76763254619718,3.454161839034971,1.1729214569330153,4.522768239856916,0.9817671848140923,T-cell
127.15768790284318,69.06593447814444,3.56317668046727,1.7668739417990498,3.322523680924464,0.9199228955412349,B-cell
121.75806664285082,63.61261971384635,2.759986786450568,1.7569949608289015,2.960193582691116,0.8534856007971832,B-cell
129.78949593745713,61.37691830577407,6.44318197016,3.3863651629416784,1.7995159065430129,0.9614516829666072,B-cell
89.67936159212603,69.11941382521994,6.308400325346483,1.6889875388163342,3.003735116460839,0.9403190762416029,NK-cell
79.409422157844,72.29646052539397,6.576193088679139,0.8070208676999371,4.513747013574584,0.9954336694100525,T-cell
109.92465639862826,81.16143059502195,4.687165797152568,1.7509109308325153,4.246109395213391,0.8754504014632477,T-cell
162.17841104407137,69.3239078162527,4.8237428109584,2.373330208442867,3.219390922158063,0.8117535998335441,NK-cell
132.79175800570226,58.51955154404679,5.354742828805227,2.5704507279501625,2.081065307275987,0.9996772657677893,NK-cell
100.01996644687917,60.42404404761423,7.232439163537188,3.465923816065663,2.234267723800678,0.9676527278877751,B-cell
117.64121841976414,46.47888279935547,7.532593753146461,2.9441385425915287,2.317926525286032,0.8442979376597098,B-cell
123.09656433398631,88.25699381001233,6.452570187809635,2.2127535563490914,4.02252394189016,0.9451255731799308,B-cell
85.36901166680849,57.42356941070812,5.897223669764201,1.5651507194551335,4.305376348887007,0.8001380350129557,B-cell
134.6532656426229,78.5441664419307,7.102459237240151,3.074416458808415,3.1567142679740683,0.9115618115767161,NK-cell
106.98636571722307,68.87171200419547,5.19298905142053,1.8788618698042612,2.757535651581477,0.8725676482003257,NK-cell
108.36774479705852,69.25224563175169,5.0308701634212465,1.7051056582712372,4.238968397328787,0.8762666082475254,T-cell
110.4281238698094,63.355729746187286,5.345173455263427,1.8497557187075582,2.217141167308036,0.8489039612344152,B-cell
130.60172250754212,53.97081555922657,4.325542756696507,1.3486270566619145,3.041458662080293,0.8549690431266689,B-cell
96.40672115237466,51.44050439311235,5.2899887627540645,1.8209879452974147,3.3703727996369044,0.8909337327712302,T-cell
79.27453991387986,89.19851544326912,4.159110347459272,1.9601350020129509,2.3097595142588805,0.8496290070955551,NK-cell
115.8131952722008,66.59545510372145,6.730009382679494,2.538393963487271,2.4912686228869543,0.8932879893738876,B-cell
73.21415444888368,80.75374844662711,6.1524248692396215,1.867146998939389,2.4290099366499174,0.9154695441140911,T-cell
104.58013528756028,84.38869712703351,7.215474877057391,1.339524454896891,4.133381484790468,0.9422222845705021,B-cell
131.36373721745872,59.248142978611,3.544860636502973,1.1377367068459803,4.53149382164567,0.9354291301365636,T-cell
120.42369026315728,70.92908072298982,7.782036336306487,2.2257418485138696,3.091834024189249,0.8483978546209047,T-cell
128.76240918305496,65.63015085687887,3.613029503447872,2.1435755120815347,2.78542513036577,0.8078379180856227,B-cell
121.16632457365093,48.79900675776356,4.062030309900153,1.7674123732720994,2.520127140005363,0.9665363732186262,B-cell
153.38602079810136,62.40328033734041,4.755014143764292,1.8195261237047575,3.0013970507602634,0.9744625685929187,B-cell
99.41168670217733,73.22509226334918,7.069264830363838,2.3330921596795022,2.5598225988505683,0.9957779039466543,T-cell
117.16637018614982,58.01359042984799,5.770688196674288,2.9343277522136084,2.9223758061158236,0.9919423114472375,B-cell
102.11383151817229,60.45219526479394,5.207404899374114,1.6319132495136073,3.3305862584031387,0.9267628053385968,T-cell
127.22242285846768,62.57286402460097,4.5488470784258075,2.1533417017292598,2.6757496457677052,0.9788543407883157,NK-cell
108.89165223109107,94.56141063834144,3.84887781920716,2.6749622424031942,2.848329549908722,0.8896016838642777,T-cell
140.93920782999282,39.32331488053785,6.859152788431612,1.6343314258816501,2.851636411942156,0.9574671279450085,NK-cell
100.44531280276442,72.02300618638162,6.458367113258368,2.090620731262017,2.7459492522190887,0.9910669084513436,T-cell
135.3282774629057,61.453252918469694,7.12294045251082,2.0772026381474005,2.646841698387031,0.9592557114415328,T-cell
120.67651154979147,56.03083128096593,5.976181752377349,1.3132228589738888,3.609757282349445,0.8831530731903601,B-cell
109.41570075643435,61.109740099812285,2.329477049733358,2.201099276859374,1.583411176818846,0.8755518494133531,B-cell
119.76396208147864,74.34326741366792,4.0065004807822575,2.118926807162659,4.25942388720101,0.8583085508374645,NK-cell
114.70275897552546,75.14333031628784,6.0578455670160505,2.4330505497576347,3.1084235705623975,0.8734127048627656,B-cell
116.40718424453259,67.60423971408655,5.056339569716776,1.3878681152035728,3.488014060789212,0.9641153323584406,T-cell
106.27632068430097,80.29837843039277,4.829389639686248,2.105982231156735,3.5800622265191007,0.9403000642437154,T-cell
97.37140686401015,82.76366193140807,4.176127882132565,2.929040438193485,2.433552671975543,0.8499758359083449,B-cell
103.96871984067445,76.4292631873086,6.637107480897448,3.346499899147372,2.2685131550566067,0.94230702571655,T-cell
79.703390396932,57.353305683938935,6.047431164897169,2.8680775613829654,2.174184572276938,0.8758790932079984,NK-cell
125.15506998558726,71.92218168898027,6.101429467489747,1.3937570966098547,2.8023455761371294,0.9115545014073291,B-cell
87.76704850084137,71.98880922793997,4.739677301457931,2.370631609226176,3.559363753240823,0.8740738545538692,B-cell
106.08235300575741,53.581159928948274,5.711545310679772,1.8101120550233318,2.5329903798233406,0.9043258705771681,NK-cell
121.6648107466586,43.02785548324039,3.894682088564223,2.2703403558779525,3.4863453121426438,0.945960779018509,T-cell
125.1091409077984,36.681141300756224,5.344206422984568,1.636669976533846,1.1056630249110408,0.9462261301240998,T-cell
78.05626513692971,65.97797686157013,2.4664845056882694,1.07191593488862,2.6915462384198,0.950636515860219,NK-cell
108.3467346459486,69.17255600813685,3.618260633038534,1.8932896567801005,3.93370989408925,0.8782077590980393,T-cell
118.2754045900788,48.4550579128662,5.113225786897586,2.533561617966009,2.8632229687736515,0.9380990885826708,B-cell
110.93628996672189,79.64445265571908,8.350141775529918,2.272799853284287,2.3366850910670665,0.8477423262894166,NK-cell
134.1933492381238,67.13105409014977,3.339108311890163,2.341768715948612,2.4745254222899224,0.8954856840839731,T-cell
95.20747580153716,83.89233660881494,4.007703288952165,2.229810193787627,0.5775819495454289,0.9166213833606554,NK-cell
73.11725965657646,70.18750217977028,5.760129756031372,2.3427164849074265,2.1905584236704634,0.9372964374544052,T-cell
124.58586830183339,50.07132999369188,7.623307487217524,2.4177070554520212,3.845793098010066,0.9823991983508501,B-cell
100.33244984686722,71.41593698606208,5.742606996385688,1.9351911426272292,2.533917786483015,0.8609537273079582,T-cell
78.34626924345204,74.38154972820942,6.342570222764988,2.14973433685177,2.6283645103990194,0.9690571829289919,B-cell
107.14677696980347,57.33326979758192,5.094875499188228,3.1459550249218142,1.1345502503708735,0.8622248504018661,T-cell
132.15004356677062,44.81069803766175,4.887254093272748,2.1852186174006833,1.6953297655099502,0.9103818838070654,T-cell
87.26145287937143,66.4041449002925,5.598621222481308,2.125538097872351,3.9520393428798024,0.9656199694849599,T-cell
152.04792717105082,50.98817510557341,4.710052731248675,2.16173070433584,3.493835264529249,0.9446299210539381,T-cell
94.91813129834009,80.69242728285585,6.369123206461294,1.9692548890102684,1.962048774848455,0.972573933775466,B-cell
111.5661953742635,59.2995264740277,3.5724737212652995,1.8387864217675183,2.4955420867414237,0.9629762385032747,T-cell
88.05561647874305,89.14441549090618,6.567984439080201,2.225207114619259,2.9766621256009733,0.8552694523869074,T-cell
110.74898627652826,35.2617786547363,5.547175614763303,1.7965708788245094,2.0430978142745952,0.9985873343423622,T-cell
107.59253920834381,66.88713845803207,5.242334957678964,2.0126910423136706,1.3966848931891191,0.9873996864414145,T-cell
83.18910975804043,85.01149696141849,3.528418527776294,1.6256911760842279,2.8726316900484514,0.886034924247658,T-cell
160.86488544111637,52.53573957757784,4.324253593602556,2.1648070827205905,3.4580868497385926,0.8094418951377753,T-cell
101.0839309576635,62.771186901221505,6.9383817677598145,2.4505169665056163,3.4734858557839634,0.860699334637826,B-cell
101.09967396849149,59.357499998903386,5.2496812023599615,1.972851084053451,3.700189908433717,0.9672305061192854,B-cell
127.44264582836578,55.42725300986804,5.834078159047385,0.8949729378664106,1.757154190576141,0.9901740838997667,B-cell
142.65658790027243,68.42471697559994,4.444561584021584,2.454222926433283,3.046321527861551,0.9663343908519766,T-cell
130.27586362407746,46.86409758601255,5.465134436529459,2.172110305655856,2.785238908616703,0.8793486473209192,NK-cell
88.37875778552144,63.44643706137684,3.853417542256025,1.5040611299919242,2.930223451602246,0.8113072999372662,B-cell
113.85036217090394,72.22391932758403,5.6198587051454645,2.563962145393964,2.8305746930926903,0.9035165688019081,B-cell
76.1352953170701,61.98868804058699,5.944769076724246,1.2609448795704918,2.4716414555139874,0.8752765017726315,T-cell
126.23069146380242,50.99714120019914,5.8847376726220215,2.727244569194681,0.585767636627516,0.824594477435617,T-cell
80.56661350645169,79.42259558042102,4.4156982034118055,2.0655800282116723,3.929463216456539,0.8211706692778211,B-cell
95.54237617503374,75.2235974626359,5.089538819079398,0.7386809547736018,3.263992132380071,0.8306073767312192,T-cell
109.94237292743641,50.42337960174762,6.144632975177958,2.2069977523579425,1.8125681699707938,0.841164734676928,B-cell
118.01011810053822,46.88249408968442,5.246274885666282,1.8562845791454385,3.378505322394204,0.9507572818730944,T-cell
105.30317677888425,51.67305817608646,5.155233541191868,1.7658904249061183,2.642156154398824,0.8763406941001416,T-cell
137.34350618119188,72.63382431682102,7.784161130350667,1.6573645431262691,2.664822146865816,0.8873876260390358,T-cell
123.01831247946103,68.85802058547564,4.358813057360651,2.0236705254840763,2.385268318808774,0.9196762669966236,T-cell
121.60504557315575,76.06115797424,6.796502161706779,1.8088867912997153,3.4295443781218116,0.9920266954864032,T-cell
87.87078376427606,60.433896947291394,4.114383203794083,0.9859858540869689,2.360141142787041,0.9512938097800677,T-cell
140.58862215581726,52.0537206749985,6.285737302925697,2.863240732006323,2.1225322511275198,0.9291425227762402,B-cell
95.5448274029868,77.86385083780299,6.349783069748768,1.953385406422917,3.9053958484847966,0.9487664267215636,T-cell
141.27576379376768,57.251720811683704,4.887561813931545,1.6608389904730423,2.85689487218662,0.9438585042237175,B-cell
146.39951102466028,67.6116727819557,4.039027776565472,1.4229457904728016,2.8820108880062336,0.9380498521988554,NK-cell
119.22781758254796,43.301052252384764,3.135480155435899,2.562439240471753,3.553971296221332,0.8992814238999713,NK-cell
128.5762357582296,57.02265405948081,4.761863789289597,1.3209408185420852,2.465930639323059,0.9133694160279957,B-cell
54.507444264976364,79.13154849318119,6.131462377542788,2.18039238111478,2.6254774618824914,0.8922982932897894,T-cell
106.48995652117321,54.97215606662199,4.206846211480506,1.7498105988758514,3.2445722157782684,0.8789916994093996,B-cell
129.83898151855172,76.403053500321,5.616338297108474,1.7847482036626008,1.7668979180289872,0.8541536143512506,NK-cell
126.64118482965353,32.365724253365286,3.7282842425069855,1.4378642814144602,3.1768792374145716,0.871042640252478,B-cell
88.0449799142022,57.168516764995395,5.2193341694752435,1.727808340487004,2.395430832654906,0.8857059234619309,T-cell
104.71300328237827,62.60103495770615,4.123547314961523,2.105287434904115,3.684378073964119,0.9158758809968972,B-cell
64.34542090637936,89.39556424679368,5.406423397726687,2.241187335809396,3.437330661479927,0.8999750194406028,T-cell
117.43387112310957,48.63311967979767,4.898704636470962,1.628644511230213,3.331638685580024,0.8215897908554519,B-cell
76.10008877791718,74.39390613625926,4.07156063651488,2.0454393585375517,1.7144330811563542,0.8679947310914521,T-cell
130.3486011701763,79.79704493748311,4.709351826533271,2.633072658582253,2.917283683860944,0.875238693720326,T-cell
131.28904749291337,54.89914493858016,4.379011765309608,1.1024228658305566,2.058186751668578,0.9413851930226185,B-cell
101.46139734068302,59.77066471718234,3.9232903597151045,2.0962386158448845,2.970508877618379,0.8665784168710909,B-cell
119.38296674817359,66.98280283336665,6.799294990347301,1.5295296327586962,1.147776258488209,0.8015911631169276,B-cell
106.09222296691085,44.25921045930459,5.06779016265889,1.4683894967300812,1.7673341852998057,0.8168673246660084,NK-cell
114.35435111026759,58.628555033941005,2.857329461111602,2.2566069077988606,3.95122688707215,0.899399683594046,NK-cell
89.3493303816233,82.86556857324982,4.752063030886378,1.7728491187994644,3.2952425408052486,0.8376991008544742,B-cell
121.20486721831837,72.31716735210189,6.597654056581917,1.3699181242589402,2.7169473220162663,0.8989244822558465,NK-cell
80.4586658559605,62.805481947234604,4.5863696400911484,2.8945699152419926,2.273005341851022,0.9148410744172245,T-cell
77.06125707807112,66.58301306571077,7.297292653760355,2.6520537085990976,2.1325968659303256,0.986687580513871,T-cell
107.80529029999414,73.1326751174168,4.472005534046093,0.9406164261844987,3.1601246040708206,0.931115984869764,NK-cell
106.19762096699696,75.8137420707416,6.104089666979746,1.2153431231987595,2.725094152326123,0.8062081445266865,T-cell
114.90143114993151,57.21020193669257,6.743966301509214,2.456074242791209,4.237317746653821,0.8761461036569689,NK-cell
98.30886517574608,86.48609320591538,6.04023276677372,1.9290757001775183,2.85218902399172,0.9586913941563077,T-cell
143.9424499841406,83.42887481686526,3.8506072304307635,3.0003447866129744,3.0469763937956267,0.8521124911979856,T-cell
112.89088980882995,74.48160682494498,4.3690377076941225,2.469801839124606,1.889197225555703,0.9849946143000482,T-cell
114.19187201329206,53.19856187815753,6.904085188463898,2.279679314312399,2.7114406198582883,0.9058021417127275,B-cell
113.55020979332681,50.7168653052117,4.534466252401627,1.486882384904738,3.141593124054389,0.8184895383644412,NK-cell
128.0523776410654,60.4275468476477,6.670811816682646,2.394864176918683,2.7017714310294507,0.8483341080360561,T-cell
120.36831346072036,65.85071136702174,4.983658333822067,1.33454162714972,2.6114971731406142,0.9812598398177325,T-cell
117.95632219474902,40.241113882173266,5.669724783062981,2.8831467200460414,3.2615277004922585,0.998291950234962,T-cell
123.24771388758063,71.92570386963358,3.836671267574858,2.353283153410945,4.211858625248792,0.9726031785134707,T-cell
77.15693653315056,83.02447169387861,4.770078910345002,1.6051016539454446,3.115975496246262,0.8641353369303842,B-cell
77.83674228945601,73.07063795763229,4.4496323434723335,2.5828064568793887,3.9153490267785105,0.9537638025020198,B-cell
108.63094258457402,55.53526076074071,5.770719580669808,3.444914933481801,3.497281902015026,0.8444455287192512,T-cell
106.44187011172576,53.87835243639313,5.611837095659059,1.9694297401143297,3.8674826997342806,0.8769044574896255,T-cell
120.43657719286774,69.1979328184371,6.055179875494761,2.4302479138147755,2.51222406132269,0.9394336257201396,B-cell
110.36030423930309,62.853747985265485,4.911372996288793,1.840902408185399,2.8344580040124785,0.9937802678369123,T-cell
120.47356882017579,71.20257643958271,4.383723914446506,2.1512113305710074,2.837781143388268,0.8878396553562814,T-cell
87.57928514789685,73.42409921647888,5.7192749026531695,1.1956592639811316,3.4370217892511805,0.8991672842066674,B-cell
109.8065977326435,80.28646740452527,4.264493316391559,2.099682291896481,3.6339302577694914,0.844033705790211,T-cell
85.86097871675989,49.150271994986696,6.794107031707106,2.126146397898367,3.100044952889513,0.8806445485498731,T-cell
116.96344281868521,68.10266526989037,5.362573136093065,3.179398666106849,3.7013652619006914,0.812603721539129,T-cell
76.19086923746023,59.91134994454147,5.1086378683540525,1.0229981323779904,2.5493348184149016,0.9717171791253677,B-cell
116.26958177373584,63.61910938490494,6.054610747300253,1.9314699245353324,3.7083020423193,0.8046669178428402,T-cell
83.55801114385199,77.10172393736242,5.40836260068194,2.872870330698621,3.812647553748694,0.9367049169186703,NK-cell
103.09649972200768,78.6237622227174,3.5103379397977643,1.9549371025207463,3.541997076739731,0.8546443402908335,B-cell
126.10869844608648,84.57821110537115,4.22628412073268,1.9971950802090015,3.1073358267849702,0.8952218864066324,B-cell
114.09283979477152,70.95826350515574,6.769250444637538,1.6000445850706957,3.570658665923973,0.8563116880199515,B-cell
80.37811597296258,63.45976492941888,5.600661217413499,1.5404367718423455,2.284796427809208,0.8800141336053809,T-cell
97.89691079550757,61.459701427694625,3.4821186371638704,1.004487740500109,3.1586898114881667,0.9093555772838092,T-cell
82.97518654141757,40.713429966474635,5.922534480058199,1.7224708514135076,3.240408381460098,0.928178682286439,T-cell
79.49434700710651,83.75629062858046,4.828889416156302,1.5063869669327261,1.936387469478812,0.9880572286198233,B-cell
112.11793717041154,60.49342220700062,4.450600056989462,2.170823300194244,3.3796674023516164,0.8664401803551296,B-cell
120.08537018408185,72.08255884004075,4.126152729239385,1.627399078545761,2.0009450194545475,0.9169715025947504,NK-cell
117.9309065728824,74.50595136039406,6.699915365582425,1.8122454089708961,2.6576653616724553,0.9803444294416488,B-cell
120.84728266783551,47.56558287329805,3.14140195359358,1.828676764165404,3.0318087674210386,0.8580463615900685,T-cell
109.78560468405527,52.07315050556512,4.494961510672612,2.0711008906257766,2.415410892293755,0.9730099962250962,T-cell
105.07897606250059,86.65827869877691,5.644152119093491,1.7828866461570956,3.0660432308962546,0.9915110192779698,T-cell
90.68475211287834,69.06609721956961,7.394035682684196,1.462928346037721,3.053245592348976,0.9694987411253827,NK-cell
102.07856590849102,56.871800699820774,6.164629835620382,2.151459866368703,2.3438546885129274,0.9139721002683194,T-cell
86.21572906412894,63.231141844214385,4.484770461360637,2.7404899297587666,3.4543795670594646,0.944423107998659,NK-cell
94.78702051171545,80.20731666765974,7.335224144928178,2.1770797174744647,2.3886747973550144,0.8962131737102088,T-cell
111.60068366788475,78.08040271628026,3.873851920354033,1.7341077370568267,4.830379499787756,0.919451160889947,B-cell
107.8794904242634,44.474855328645,5.818403398426185,2.026112156943825,2.912416941335516,0.9948948133956544,T-cell
165.16510468210598,87.8799738114065,6.085341574902658,0.8696203377860768,2.062964684007974,0.850224111231109,B-cell
85.77567924490987,78.52607243398151,4.442661300159471,2.0163583502766813,2.2125265870289823,0.9585094245081288,T-cell
107.74822302502793,62.865346509217794,6.3371116622659045,1.8597873785457164,3.918064371758641,0.9012466299509607,B-cell
84.37282199833297,48.31588579678591,4.883331845270849,1.5399237851960927,2.672678680225237,0.8353746506863746,NK-cell
103.01985423254088,79.75612096085295,6.334170913021557,1.6487409886008193,1.9089889537360254,0.9287070761408889,B-cell
103.75232272192667,71.66998500412467,3.2924854088965496,1.853859299076212,3.6829701977022133,0.9584853813070153,T-cell
125.2078404721965,44.59082270691129,5.901971308274649,2.6954749656038945,2.6675408897775337,0.9137511638646739,B-cell
101.90600229407742,61.750906944982724,5.005471992767674,2.7552362500680556,3.522735608895481,0.9674865601983318,T-cell
106.55624719898914,108.76642119909484,6.8796445395613866,1.5431249030653138,3.7484528205249017,0.8731737228173975,T-cell
102.25427667550005,65.2310246038019,5.447223124274859,1.789153576053964,3.219570831046836,0.9827536597974885,B-cell
84.78106860697024,54.612411679300806,6.999075440464143,1.8044460256268533,4.916725916548267,0.9296640199972654,NK-cell
98.26215730772407,50.88104724570703,6.109135318039662,2.5857273093300748,1.6202060056534209,0.9606318649863126,T-cell
103.12513912849128,89.80938576801188,5.346989849142211,2.1873039315789704,2.3456399397825534,0.8545970249716616,B-cell
111.32886590131493,76.86863285408764,6.445203171537154,2.155673917584625,2.795239996316834,0.8892256623805833,B-cell
120.06105117004685,84.70414759484119,6.452870157432546,2.4217575680527137,4.808938822886497,0.9819234823480291,B-cell
105.77726282520148,68.47459397729021,6.066292005389457,1.7421519549534412,4.43840197608177,0.8101791101003764,T-cell
105.46082724833576,82.55626929465902,2.74923835044978,2.9183319446124343,4.030952693915133,0.8807963427126362,B-cell
79.02536314723305,53.123514546329254,4.320927411082723,2.098953205547879,2.364700847403272,0.9560637316107672,T-cell
119.71522131061433,67.27627373281082,7.1609270158071086,1.5864525322848522,2.4579882081836564,0.9487629380356004,T-cell
97.47383803129927,69.0187492096183,3.992864973477681,1.9622158537212961,2.3371519718876366,0.9703245661538733,T-cell
123.44821828813596,84.3542570462531,6.558953380078968,2.8391569945247235,2.3732584895673896,0.9478780669357487,NK-cell
133.69591906137552,69.46380256196638,6.347743188135603,1.8449147184097368,4.194163685820779,0.9894184298338012,T-cell
